<meta>
	<info author="IIYAMA" name="Project trains" version="2.0.0" type="script" description="Project trains is a resource that creates trains across the map." />
	<script src="client.lua" type="client" protected="true"/>
	
	<script src="traincart-design_s.lua" type="server" />
	<script src="server.lua" type="server" />
	
	
	<min_mta_version client="1.5.0" server="1.5.0" />
	
	<settings>
		<setting name="*amountOfTrains" value="15" accept="Number, 1 or higher." />
		<setting name="*trainSpeed" value="20" accept="Number, 0.1 or higher." />
		<setting name="*minAmountOfCarts" value="3" accept="Number, 1 or higher." />
		<setting name="*maxAmountOfCarts" value="10" accept="Number, 1 or higher." />
		<setting name="*driverSkins" value="[ [17] ]" accept="Valid skin numbers. Between every skin number you must put a: 17,61" />
    </settings>
</meta>

