<root>
	<train model="537">
		<cart model="569" >
			<object id="object (trailer5_01) (1)" breakable="true" interior="0" alpha="255" model="3171" doublesided="false" scale="1" dimension="0" posX="-0.2" posY="-3.4" posZ="-1.1" rotX="0" rotY="0" rotZ="179.752"></object>
			<object id="object (CJ_SHOVEL2) (1)" breakable="true" interior="0" alpha="255" model="2237" doublesided="false" scale="1" dimension="0" posX="0.9" posY="-0.3" posZ="-0.9" rotX="273.288" rotY="81.263" rotZ="81.249"></object>
			<object id="object (CJ_FIREBIN) (1)" breakable="true" interior="0" alpha="255" model="1362" doublesided="false" scale="1" dimension="0" posX="0.5" posY="0.7" posZ="-0.5" rotX="0" rotY="0" rotZ="0"></object>
			<object id="object (airseata_LAS) (1)" breakable="true" interior="0" alpha="255" model="3657" doublesided="false" scale="1" dimension="0" posX="-1.2" posY="5.7" posZ="-0.5" rotX="0" rotY="0" rotZ="90"></object>
			<object id="object (airseata_LAS) (2)" breakable="true" interior="0" alpha="255" model="3657" doublesided="false" scale="1" dimension="0" posX="1.2" posY="5.6" posZ="-0.5" rotX="0" rotY="0" rotZ="270"></object>
			<object id="object (beachball) (1)" breakable="true" interior="0" alpha="255" model="1598" doublesided="false" scale="1" dimension="0" posX="-1" posY="1" posZ="-0.8" rotX="0" rotY="0" rotZ="0"></object>
			<object id="object (DYN_LIFE_P) (2)" breakable="true" interior="0" alpha="255" model="1461" doublesided="false" scale="1" dimension="0" posX="-0.1" posY="8.8" posZ="-0.3" rotX="0" rotY="0" rotZ="182"></object>
			<object id="object (beachtowel01) (1)" breakable="true" interior="0" alpha="255" model="1643" doublesided="false" scale="1" dimension="0" posX="0" posY="5.3" posZ="-1" rotX="0" rotY="0" rotZ="0"></object>
			<object id="object (CJ_SURF_BOARD) (1)" breakable="true" interior="0" alpha="255" model="2404" doublesided="false" scale="1" dimension="0" posX="0.6" posY="-6.6" posZ="0.2" rotX="0" rotY="0" rotZ="0"></object>
			<object id="object (CJ_SURF_BOARD3) (1)" breakable="true" interior="0" alpha="255" model="2406" doublesided="false" scale="1" dimension="0" posX="-0.1" posY="-6.5" posZ="0.2" rotX="0" rotY="0" rotZ="0"></object>
			<object id="object (CJ_Sphere_TV) (1)" breakable="true" interior="0" alpha="255" model="2224" doublesided="false" scale="1" dimension="0" posX="-0.9" posY="7.4" posZ="-1.1" rotX="0" rotY="0" rotZ="322"></object>
			<object id="object (LOW_HI_FI_3) (1)" breakable="true" interior="0" alpha="255" model="2226" doublesided="false" scale="1" dimension="0" posX="0.6" posY="-0.6" posZ="1.8" rotX="0" rotY="0" rotZ="132"></object>
			<object id="object (satdishsml) (1)" breakable="true" interior="0" alpha="255" model="1596" doublesided="true" scale="1" dimension="0" posX="-0.3" posY="-4.6" posZ="4.1" rotX="0" rotY="0" rotZ="0"></object>
			<object id="object (Plant_Pot_3) (1)" breakable="true" interior="0" alpha="255" model="2195" doublesided="false" scale="1" dimension="0" posX="-1" posY="-6.6" posZ="-0.4" rotX="0" rotY="0" rotZ="0"></object>
			<object id="object (Plant_Pot_2) (1)" breakable="true" interior="0" alpha="255" model="2194" doublesided="true" scale="1" dimension="0" posX="-1.2" posY="3.7" posZ="-0.7" rotX="0" rotY="0" rotZ="0"></object>
		</cart>
		<cart model="569" >
		</cart>
		<cart model="569" >
			<object id="object (woodenbox) (1)" breakable="true" interior="0" alpha="255" model="1224" doublesided="false" scale="1" dimension="0" posX="-0.7" posY="7" posZ="-0.4" rotX="0" rotY="0" rotZ="0"></object>
			<object id="object (woodenbox) (2)" breakable="true" interior="0" alpha="255" model="1224" doublesided="false" scale="1" dimension="0" posX="0.6" posY="7" posZ="-0.4" rotX="0" rotY="0" rotZ="0"></object>
			<object id="object (woodenbox) (3)" breakable="true" interior="0" alpha="255" model="1224" doublesided="false" scale="1" dimension="0" posX="-0.7" posY="5.7" posZ="-0.4" rotX="0" rotY="0" rotZ="0"></object>
			<object id="object (woodenbox) (4)" breakable="true" interior="0" alpha="255" model="1224" doublesided="false" scale="1" dimension="0" posX="0.6" posY="5.7" posZ="-0.4" rotX="0" rotY="0" rotZ="0"></object>
			<object id="object (palette) (1)" breakable="true" interior="0" alpha="255" model="1219" doublesided="false" scale="1" dimension="0" posX="-0.2" posY="3.8" posZ="-0.7" rotX="0" rotY="0" rotZ="0"></object>
			<object id="object (palette) (2)" breakable="true" interior="0" alpha="255" model="1219" doublesided="false" scale="1" dimension="0" posX="-0.29704" posY="1.29156" posZ="-0.69693" rotX="0" rotY="0" rotZ="0"></object>
			<object id="object (DYN_woodpile) (1)" breakable="true" interior="0" alpha="255" model="1462" doublesided="false" scale="1" dimension="0" posX="0.2" posY="8.2" posZ="-1.1" rotX="348.254" rotY="358.468" rotZ="161.688"></object>
			<object id="object (CJ_BIG_SKIP1) (1)" breakable="true" interior="0" alpha="255" model="1365" doublesided="false" scale="1" dimension="0" posX="0" posY="-5.4" posZ="0.1" rotX="0" rotY="0" rotZ="270"></object>
			<object id="object (junk_tyre) (1)" breakable="true" interior="0" alpha="255" model="1327" doublesided="false" scale="1" dimension="0" posX="0.1" posY="-1.3" posZ="-1.1" rotX="0" rotY="90" rotZ="44"></object>
			<object id="object (junk_tyre) (3)" breakable="true" interior="0" alpha="255" model="1327" doublesided="false" scale="1" dimension="0" posX="-0.2" posY="-1.4" posZ="-0.4" rotX="0" rotY="90" rotZ="43.995"></object>
			<object id="object (junk_tyre) (4)" breakable="true" interior="0" alpha="255" model="1327" doublesided="false" scale="1" dimension="0" posX="0.2" posY="-1.7" posZ="0.2" rotX="0" rotY="90" rotZ="43.995"></object>
			<object id="object (BlackBag1) (1)" breakable="true" interior="0" alpha="255" model="1264" doublesided="false" scale="1" dimension="0" posX="0.6" posY="-2.7" posZ="-0.6" rotX="0" rotY="0" rotZ="0"></object>
			<object id="object (oldwoodpanel) (1)" breakable="true" interior="0" alpha="255" model="3260" doublesided="false" scale="1" dimension="0" posX="-0.1" posY="-6" posZ="1.3" rotX="270" rotY="180" rotZ="180"></object>
			<object id="object (DYN_BOX_PILE_2) (1)" breakable="true" interior="0" alpha="255" model="1438" doublesided="false" scale="1" dimension="0" posX="-0.3" posY="3.3" posZ="-0.4" rotX="0" rotY="0" rotZ="0"></object>
			<object id="object (DYN_BOX_PILE_2) (2)" breakable="true" interior="0" alpha="255" model="1438" doublesided="false" scale="1" dimension="0" posX="-0.1" posY="1.1" posZ="-0.4" rotX="0" rotY="0" rotZ="180"></object>
		</cart>
		<cart model="569" >
			<object id="object (blockpallet) (1)" breakable="true" interior="0" alpha="255" model="1685" doublesided="false" scale="1" dimension="0" posX="0.3" posY="3.2" posZ="-0.3" rotX="0" rotY="0" rotZ="0"></object>
			<object id="object (blockpallet) (2)" breakable="true" interior="0" alpha="255" model="1685" doublesided="false" scale="1" dimension="0" posX="-0.6" posY="6.9" posZ="-0.3" rotX="0" rotY="0" rotZ="0"></object>
			<vehicle id="vehicle (Forklift) (1)" paintjob="3" interior="0" alpha="255" model="530" plate="7LHM K7U" dimension="0" posX="0.4" posY="0.8" posZ="-0.4" rotX="0" rotY="0" rotZ="0" color="38,55,57,245,245,245,0,0,0,0,0,0"></vehicle>
			<ped id="ped (1)" animBlock="beach" animName="parksit_m_loop" dimension="0" model="16" interior="0" rotZ="134.003" alpha="255" posX="0.2" posY="5.2" posZ="-0.1" rotX="0" rotY="0"></ped>
			<object id="object (kmb_beam) (1)" breakable="true" interior="0" alpha="255" model="2960" doublesided="false" scale="1" dimension="0" posX="0.5" posY="-4.6" posZ="-0.7" rotX="0" rotY="0" rotZ="74"></object>
			<object id="object (kmb_beam) (2)" breakable="true" interior="0" alpha="255" model="2960" doublesided="false" scale="1" dimension="0" posX="0.1" posY="-4.5" posZ="-0.7" rotX="0" rotY="0" rotZ="73.998"></object>
			<object id="object (kmb_beam) (3)" breakable="true" interior="0" alpha="255" model="2960" doublesided="false" scale="1" dimension="0" posX="0.3" posY="-4.5" posZ="-0.26" rotX="0" rotY="0" rotZ="73.998"></object>
			<object id="object (kmb_beam) (4)" breakable="true" interior="0" alpha="255" model="2960" doublesided="false" scale="1" dimension="0" posX="-0.3" posY="-4.4" posZ="-0.7" rotX="0" rotY="0" rotZ="73.998"></object>
			<object id="object (kmb_beam) (5)" breakable="true" interior="0" alpha="255" model="2960" doublesided="false" scale="1" dimension="0" posX="-0.1" posY="-4.5" posZ="-0.27" rotX="0" rotY="0" rotZ="73.998"></object>
			<object id="object (Y_GENERATOR) (1)" breakable="true" interior="0" alpha="255" model="920" doublesided="false" scale="1" dimension="0" posX="-0.2" posY="8.2" posZ="-0.6" rotX="0" rotY="0" rotZ="182"></object>
			<object id="object (CJ_Dumpster) (1)" breakable="true" interior="0" alpha="255" model="1345" doublesided="false" scale="1" dimension="0" posX="-0.1" posY="-7.8" posZ="-0.3" rotX="0" rotY="0" rotZ="0"></object>
			<object id="object (kb_barrel) (1)" breakable="true" interior="0" alpha="255" model="3046" doublesided="false" scale="1" dimension="0" posX="0.6" posY="6.8" posZ="-0.7" rotX="0" rotY="0" rotZ="0"></object>
			<object id="object (Donut_rail) (1)" breakable="true" interior="0" alpha="255" model="18074" doublesided="false" scale="1" dimension="0" posX="1.4" posY="2.8" posZ="-0.9" rotX="0" rotY="0" rotZ="0"></object>
			<object id="object (Donut_rail) (2)" breakable="true" interior="0" alpha="255" model="18074" doublesided="false" scale="1" dimension="0" posX="-1.4" posY="-2.9" posZ="-0.9" rotX="0" rotY="0" rotZ="0"></object>
		</cart>
		<cart model="569" >
			<object id="object (DYN_H_BALE2) (1)" breakable="true" interior="0" alpha="255" model="1454" doublesided="false" scale="1" dimension="0" posX="-0.7" posY="6" posZ="-0.3" rotX="0" rotY="0" rotZ="90"></object>
			<object id="object (DYN_H_BALE2) (2)" breakable="true" interior="0" alpha="255" model="1454" doublesided="false" scale="1" dimension="0" posX="0.7" posY="5.9" posZ="-0.3" rotX="0" rotY="0" rotZ="90"></object>
			<object id="object (DYN_H_BALE2) (3)" breakable="true" interior="0" alpha="255" model="1454" doublesided="false" scale="1" dimension="0" posX="-0.7" posY="4.4" posZ="-0.3" rotX="0" rotY="0" rotZ="90"></object>
			<object id="object (DYN_H_BALE2) (4)" breakable="true" interior="0" alpha="255" model="1454" doublesided="false" scale="1" dimension="0" posX="0.7" posY="4.3" posZ="-0.3" rotX="0" rotY="0" rotZ="90"></object>
			<object id="object (DYN_H_BALE2) (5)" breakable="true" interior="0" alpha="255" model="1454" doublesided="false" scale="1" dimension="0" posX="0.6" posY="5.2" posZ="1.1" rotX="0" rotY="0" rotZ="90"></object>
			<object id="object (DYN_H_BALE2) (6)" breakable="true" interior="0" alpha="255" model="1454" doublesided="false" scale="1" dimension="0" posX="-0.7" posY="5.1" posZ="1.1" rotX="0" rotY="0" rotZ="90"></object>
			<object id="object (DYN_H_BALE2) (7)" breakable="true" interior="0" alpha="255" model="1454" doublesided="false" scale="1" dimension="0" posX="-0.6" posY="2.8" posZ="-0.3" rotX="0" rotY="0" rotZ="90"></object>
			<object id="object (DYN_H_BALE2) (8)" breakable="true" interior="0" alpha="255" model="1454" doublesided="false" scale="1" dimension="0" posX="0.8" posY="2.9" posZ="-0.3" rotX="0" rotY="0" rotZ="90"></object>
			<object id="object (DYN_H_BALE2) (10)" breakable="true" interior="0" alpha="255" model="1454" doublesided="false" scale="1" dimension="0" posX="-0.6" posY="3.6" posZ="1.1" rotX="0" rotY="0" rotZ="90"></object>
			<object id="object (DYN_H_BALE2) (11)" breakable="true" interior="0" alpha="255" model="1454" doublesided="false" scale="1" dimension="0" posX="0.8" posY="3.6" posZ="1.1" rotX="0" rotY="0" rotZ="90"></object>
			<vehicle id="vehicle (Tractor) (1)" paintjob="3" interior="0" alpha="255" model="531" plate="HVJR ZOS" dimension="0" posX="-0.1" posY="-6.9" posZ="-0.1" rotX="0" rotY="0" rotZ="0" color="42,119,161,90,87,82,0,0,0,0,0,0"></vehicle>
			<object id="object (desn2_stripsigs1) (1)" breakable="true" interior="0" alpha="255" model="16442" doublesided="false" scale="1" dimension="0" posX="-0.7" posY="1.7" posZ="0.8" rotX="0" rotY="0" rotZ="186.389"></object>
			<object id="object (desn2_stripsigs1) (2)" breakable="true" interior="0" alpha="255" model="16442" doublesided="false" scale="1" dimension="0" posX="0.3" posY="-1" posZ="0.8" rotX="0" rotY="0" rotZ="2.389"></object>
			<object id="object (desn2_stripsigs1) (3)" breakable="true" interior="0" alpha="255" model="16442" doublesided="false" scale="1" dimension="0" posX="-0.1" posY="0.7" posZ="3.6" rotX="0" rotY="0" rotZ="100.384"></object>
			<object id="object (junk_tyre) (1)" breakable="true" interior="0" alpha="255" model="1327" doublesided="false" scale="1" dimension="0" posX="0.1" posY="4.4" posZ="1.9" rotX="0.896" rotY="88.797" rotZ="324.009"></object>
			<object id="object (tikitorch01_lvs) (1)" breakable="true" interior="0" alpha="255" model="3461" doublesided="false" scale="1" dimension="0" posX="1.4" posY="-7.8" posZ="0.5" rotX="0" rotY="0" rotZ="0"></object>
			<object id="object (steerskull) (1)" breakable="true" interior="0" alpha="255" model="6865" doublesided="false" scale="1" dimension="0" posX="-0.3" posY="2.3" posZ="4" rotX="15.923" rotY="344.387" rotZ="226.134"></object>
			<object id="object (bonyrd_windsock) (1)" breakable="true" interior="0" alpha="255" model="16368" doublesided="false" scale="1" dimension="0" posX="2.3" posY="4.1" posZ="9.1" rotX="356.843" rotY="68.217" rotZ="1.392"></object>
			<object id="object (sand_plant01) (1)" breakable="true" interior="0" alpha="255" model="860" doublesided="false" scale="1" dimension="0" posX="0.6" posY="0.9" posZ="-1.1" rotX="0" rotY="0" rotZ="0"></object>
			<object id="object (sand_plant01) (6)" breakable="true" interior="0" alpha="255" model="860" doublesided="false" scale="1" dimension="0" posX="-0.5" posY="-0.2" posZ="-1.1" rotX="0" rotY="0" rotZ="46"></object>
			<object id="object (sand_plant01) (2)" breakable="true" interior="0" alpha="255" model="860" doublesided="false" scale="1" dimension="0" posX="0.2" posY="-1.2" posZ="-1.1" rotX="0" rotY="0" rotZ="328"></object>
			<object id="object (sand_plant01) (3)" breakable="true" interior="0" alpha="255" model="860" doublesided="false" scale="1" dimension="0" posX="0.9" posY="-0.2" posZ="-1.1" rotX="0" rotY="0" rotZ="73.997"></object>
			<object id="object (sand_plant01) (4)" breakable="true" interior="0" alpha="255" model="860" doublesided="false" scale="1" dimension="0" posX="-0.1" posY="1.4" posZ="-1.1" rotX="0" rotY="0" rotZ="73.993"></object>
			<object id="object (sand_plant01) (5)" breakable="true" interior="0" alpha="255" model="860" doublesided="false" scale="1" dimension="0" posX="-0.9" posY="0.6" posZ="-1.1" rotX="0" rotY="0" rotZ="331.993"></object>
			<object id="object (sand_plant01) (7)" breakable="true" interior="0" alpha="255" model="860" doublesided="false" scale="1" dimension="0" posX="-0.7" posY="-0.8" posZ="-1.1" rotX="0" rotY="0" rotZ="277.99"></object>
			<object id="object (CJ_MEDIUMPOTS1) (1)" breakable="true" interior="0" alpha="255" model="1807" doublesided="false" scale="1" dimension="0" posX="-1.2" posY="-2.4" posZ="-0.5" rotX="0" rotY="0" rotZ="0"></object>
			<object id="object (DYN_BOX_PILE) (1)" breakable="true" interior="0" alpha="255" model="1431" doublesided="false" scale="1" dimension="0" posX="0.1" posY="-2.4" posZ="-0.5" rotX="0" rotY="0" rotZ="0"></object>
		</cart>
		<cart model="537" position="-1"></cart>
	</train>
	
	
	<train model="538">
		<cart model="570" ></cart>
		<cart model="569" position="-1">
			<object id="object (blockpallet) (1)" breakable="true" interior="0" alpha="255" model="1685" doublesided="false" scale="1" dimension="0" posX="0.3" posY="3.2" posZ="-0.3" rotX="0" rotY="0" rotZ="0"></object>
			<object id="object (blockpallet) (2)" breakable="true" interior="0" alpha="255" model="1685" doublesided="false" scale="1" dimension="0" posX="-0.6" posY="6.9" posZ="-0.3" rotX="0" rotY="0" rotZ="0"></object>
			<vehicle id="vehicle (Forklift) (1)" paintjob="3" interior="0" alpha="255" model="530" plate="7LHM K7U" dimension="0" posX="0.4" posY="0.8" posZ="-0.4" rotX="0" rotY="0" rotZ="0" color="38,55,57,245,245,245,0,0,0,0,0,0"></vehicle>
			<ped id="ped (1)" animBlock="beach" animName="parksit_m_loop" dimension="0" model="16" interior="0" rotZ="134.003" alpha="255" posX="0.2" posY="5.2" posZ="-0.1" rotX="0" rotY="0"></ped>
			<object id="object (kmb_beam) (1)" breakable="true" interior="0" alpha="255" model="2960" doublesided="false" scale="1" dimension="0" posX="0.5" posY="-4.6" posZ="-0.7" rotX="0" rotY="0" rotZ="74"></object>
			<object id="object (kmb_beam) (2)" breakable="true" interior="0" alpha="255" model="2960" doublesided="false" scale="1" dimension="0" posX="0.1" posY="-4.5" posZ="-0.7" rotX="0" rotY="0" rotZ="73.998"></object>
			<object id="object (kmb_beam) (3)" breakable="true" interior="0" alpha="255" model="2960" doublesided="false" scale="1" dimension="0" posX="0.3" posY="-4.5" posZ="-0.26" rotX="0" rotY="0" rotZ="73.998"></object>
			<object id="object (kmb_beam) (4)" breakable="true" interior="0" alpha="255" model="2960" doublesided="false" scale="1" dimension="0" posX="-0.3" posY="-4.4" posZ="-0.7" rotX="0" rotY="0" rotZ="73.998"></object>
			<object id="object (kmb_beam) (5)" breakable="true" interior="0" alpha="255" model="2960" doublesided="false" scale="1" dimension="0" posX="-0.1" posY="-4.5" posZ="-0.27" rotX="0" rotY="0" rotZ="73.998"></object>
			<object id="object (Y_GENERATOR) (1)" breakable="true" interior="0" alpha="255" model="920" doublesided="false" scale="1" dimension="0" posX="-0.2" posY="8.2" posZ="-0.6" rotX="0" rotY="0" rotZ="182"></object>
			<object id="object (CJ_Dumpster) (1)" breakable="true" interior="0" alpha="255" model="1345" doublesided="false" scale="1" dimension="0" posX="-0.1" posY="-7.8" posZ="-0.3" rotX="0" rotY="0" rotZ="0"></object>
			<object id="object (kb_barrel) (1)" breakable="true" interior="0" alpha="255" model="3046" doublesided="false" scale="1" dimension="0" posX="0.6" posY="6.8" posZ="-0.7" rotX="0" rotY="0" rotZ="0"></object>
			<object id="object (Donut_rail) (1)" breakable="true" interior="0" alpha="255" model="18074" doublesided="false" scale="1" dimension="0" posX="1.4" posY="2.8" posZ="-0.9" rotX="0" rotY="0" rotZ="0"></object>
			<object id="object (Donut_rail) (2)" breakable="true" interior="0" alpha="255" model="18074" doublesided="false" scale="1" dimension="0" posX="-1.4" posY="-2.9" posZ="-0.9" rotX="0" rotY="0" rotZ="0"></object>
		</cart>
	</train>
	<train model="537">
		<cart model="569" format="lua" value="patriot"></cart>
		<cart model="569" format="lua" value="rhino"></cart>	
		<cart model="569" format="lua" value="barracks"></cart>
		<cart model="569" format="lua" value="army"></cart>
		<cart model="569" format="lua" value="last-passenger-cart"></cart>
	</train>
</root>