﻿<?xml version="1.0" encoding="utf-8" ?>
<acl>
    <group name="Everyone">
        <acl name="Default"></acl>
        <object name="user.*"></object>
        <object name="resource.*"></object>
    </group>
    <group name="Moderator">
        <object name="resource.mapmanager"></object>
        <object name="resource.resourcemanager"></object>
        <object name="resource.votemanager"></object>
    </group>
    <group name="SuperModerator">
        <acl name="Moderator"></acl>
        <acl name="SuperModerator"></acl>
    </group>
    <group name="Admin">
        <acl name="Moderator"></acl>
        <acl name="SuperModerator"></acl>
        <acl name="Admin"></acl>
        <acl name="RPC"></acl>
        <object name="resource.admin"></object>
        <object name="resource.webadmin"></object>
        <object name="resource.*"></object>
        <object name="user.Leandro"></object>
    </group>
    <group name="Console">
        <acl name="Console"></acl>
        <acl name="Moderator"></acl>
        <acl name="SuperModerator"></acl>
        <acl name="Admin"></acl>
        <acl name="RPC"></acl>
        <object name="user.Console"></object>
        <object name="user.Leandro"></object>
    </group>
    <group name="RPC">
        <acl name="RPC"></acl>
    </group>
    <group name="MapEditor">
        <acl name="Default"></acl>
        <acl name="MapEditor"></acl>
        <object name="resource.editor_main"></object>
        <object name="resource.edf"></object>
    </group>
    <group name="raceACLGroup">
        <acl name="Default"></acl>
        <acl name="raceACL"></acl>
        <object name="resource.race"></object>
    </group>
    <group name="DevGroup">
        <acl name="DevACL"></acl>
    </group>
    <group name="autoGroup_acpanel">
        <acl name="autoACL_acpanel"></acl>
        <object name="resource.acpanel"></object>
    </group>
    <group name="PainelStafff">
        <acl name="Painelstaff"></acl>
        <object name=""></object>

    </group>
    <group name="Blitz">
        <object name=""></object>
    </group>
    <group name="autoGroup_GTIbank">
        <object name="resource.GTIbank"></object>
    </group>
    <group name="DETRAN"></group>
    <group name="VIP">
        <object name="user.Angel"></object>
        <object name="user.Brielo"></object>
        <object name="user.shirley"></object>
        <object name="user.zVINICIUSz"></object>
        <object name="user.Zaap"></object>
        <object name="user.Junior"></object>
        <object name="user.magrin"></object>
        <object name="user.fabiano06"></object>
        <object name="user.camy"></object>
        <object name="user.Cezinhaa"></object>
        <object name="user.Juniin"></object>
        <object name="user.formiga"></object>
        <object name="user.123mario2"></object>
        <object name="user.Agemiro"></object>
        <object name="user.moraismta"></object>
        <object name="user.memo"></object>
        <object name="user.Void1"></object>
        <object name="user.GordinC"></object>
        <object name="user.Brad"></object>
        <object name="user.Aldo"></object>
        <object name="user.mxrtheawp"></object>
        <object name="user.Dumau"></object>
        <object name="user.VovoDoGrau"></object>
        <object name="user.LeezinhO"></object>
        <object name="user.Sabrinah"></object>
        <object name="user.KISUCO"></object>
        <object name="user.cherosaa"></object>
        <object name="user.FooxMTA"></object>
        <object name="user.guiph"></object>
        <object name="user.SegaPlays"></object>
        <object name="user.sant"></object>
        <object name="user.Romano"></object>
        <object name="user.caique"></object>
        <object name="user.GagO"></object>
        <object name="user.Fuzzer"></object>
        <object name="user.fillipe"></object>
        <object name="user.bianchi321"></object>
        <object name="user.LGSMascara"></object>
        <object name="user.isaac123"></object>
        <object name="user.JovenShock"></object>
        <object name="user.dede10077"></object>
        <object name="user.nikoloko"></object>
        <object name="user.KaueBerti"></object>
        <object name="user.riser"></object>
        <object name="user.leocarrijo"></object>
        <object name="user.magrao"></object>
        <object name="user.Cuca"></object>
        <object name="user.McDonalds"></object>
        <object name="user.lukinhavh"></object>
        <object name="user.magrim"></object>
        <object name="user.powerpoint"></object>
        <object name="user.rhuan15"></object>
        <object name="user.DubaiDbK"></object>
        <object name="user.Gabs"></object>
        <object name="user.NOBICE"></object>
        <object name="user.Claudio"></object>
        <object name="user.BobZinN"></object>
        <object name="user.Alucard"></object>
        <object name="user.lukaszin1"></object>
        <object name="user.Mike"></object>
        <object name="user.Regi"></object>
        <object name="user.Gustavo"></object>
        <object name="user.kineyplay"></object>
        <object name="user.speedzera"></object>
        <object name="user.Respectnob"></object>
        <object name="user.NineFinch"></object>
        <object name="user.Track"></object>
        <object name="user.BielRangel"></object>
        <object name="user.bily82"></object>
        <object name="user.Ban"></object>
        <object name="user.tiagoe1"></object>
        <object name="user.FernandaSV"></object>
        <object name="user.Cesar66"></object>
        <object name="user.rian"></object>
        <object name="user.Alecs"></object>
        <object name="user.Pakdro"></object>
        <object name="user.KingDias"></object>
        <object name="user.Elias1"></object>
        <object name="user.Geovanna"></object>
        <object name="user.Schimu"></object>
        <object name="user.Julius"></object>
        <object name="user.PRATININ"></object>
        <object name="user.igorkaua"></object>
        <object name="user.Elias"></object>
        <object name="user.Alex"></object>
        <object name="user.TLF"></object>
        <object name="user.Arthur"></object>
        <object name="user.GGKLAUS"></object>
        <object name="user.OOLIVEIRA"></object>
        <object name="user.eqAle"></object>
        <object name="user.Ganancia"></object>
        <object name="user.PedroLR"></object>
        <object name="user.MrChicken"></object>
    </group>
    <acl name="Default">
        <right name="general.ModifyOtherObjects" access="false"></right>
        <right name="general.http" access="false"></right>
        <right name="command.start" access="true"></right>
        <right name="command.stop" access="false"></right>
        <right name="command.restart" access="true"></right>
        <right name="command.stopall" access="false"></right>
        <right name="command.gamemode" access="false"></right>
        <right name="command.changemode" access="false"></right>
        <right name="command.changemap" access="false"></right>
        <right name="command.stopmode" access="false"></right>
        <right name="command.stopmap" access="false"></right>
        <right name="command.skipmap" access="false"></right>
        <right name="command.refresh" access="true"></right>
        <right name="command.refreshall" access="false"></right>
        <right name="command.addaccount" access="false"></right>
        <right name="command.delaccount" access="false"></right>
        <right name="command.debugscript" access="true"></right>
        <right name="command.chgpass" access="false"></right>
        <right name="command.loadmodule" access="false"></right>
        <right name="command.unloadmodule" access="false"></right>
        <right name="command.reloadmodule" access="false"></right>
        <right name="command.upgrade" access="false"></right>
        <right name="command.mute" access="false"></right>
        <right name="command.crun" access="false"></right>
        <right name="command.srun" access="false"></right>
        <right name="command.run" access="false"></right>
        <right name="command.unmute" access="false"></right>
        <right name="command.banip" access="false"></right>
        <right name="command.unbanip" access="false"></right>
        <right name="command.reloadbans" access="false"></right>
        <right name="command.shutdown" access="false"></right>
        <right name="command.install" access="false"></right>
        <right name="command.aexec" access="false"></right>
        <right name="command.whois" access="false"></right>
        <right name="command.whowas" access="false"></right>
        <right name="command.aclrequest" access="false"></right>
        <right name="function.executeCommandHandler" access="true"></right>
        <right name="function.setPlayerMuted" access="false"></right>
        <right name="function.addAccount" access="false"></right>
        <right name="function.addBan" access="false"></right>
        <right name="function.setUnbanTime" access="false"></right>
        <right name="function.setBanAdmin" access="false"></right>
        <right name="function.setBanReason" access="false"></right>
        <right name="function.setBanNick" access="false"></right>
        <right name="function.removeBan" access="false"></right>
        <right name="function.removeAccount" access="false"></right>
        <right name="function.setAccountPassword" access="false"></right>
        <right name="function.banIP" access="false"></right>
        <right name="function.banPlayer" access="false"></right>
        <right name="function.banSerial" access="false"></right>
        <right name="function.getBansXML" access="false"></right>
        <right name="function.unbanIP" access="false"></right>
        <right name="function.unbanSerial" access="false"></right>
        <right name="function.reloadBans" access="false"></right>
        <right name="function.setServerPassword" access="false"></right>
        <right name="function.getServerPassword" access="false"></right>
        <right name="function.callRemote" access="true"></right>
        <right name="function.fetchRemote" access="true"></right>
        <right name="function.startResource" access="true"></right>
        <right name="function.stopResource" access="true"></right>
        <right name="function.restartResource" access="false"></right>
        <right name="function.createResource" access="false"></right>
        <right name="function.copyResource" access="false"></right>
        <right name="function.addResourceMap" access="false"></right>
        <right name="function.addResourceConfig" access="false"></right>
        <right name="function.removeResourceFile" access="false"></right>
        <right name="function.setResourceDefaultSetting" access="false"></right>
        <right name="function.removeResourceDefaultSetting" access="false"></right>
        <right name="function.redirectPlayer" access="true"></right>
        <right name="function.aclReload" access="false"></right>
        <right name="function.aclSave" access="false"></right>
        <right name="function.aclCreate" access="false"></right>
        <right name="function.aclDestroy" access="false"></right>
        <right name="function.aclSetRight" access="false"></right>
        <right name="function.aclRemoveRight" access="false"></right>
        <right name="function.aclCreateGroup" access="false"></right>
        <right name="function.aclDestroyGroup" access="false"></right>
        <right name="function.aclGroupAddACL" access="false"></right>
        <right name="function.aclGroupRemoveACL" access="false"></right>
        <right name="function.aclGroupAddObject" access="false"></right>
        <right name="function.aclGroupRemoveObject" access="false"></right>
        <right name="function.refreshResources" access="false"></right>
        <right name="function.setServerConfigSetting" access="false"></right>
        <right name="function.updateResourceACLRequest" access="false"></right>
        <right name="function.shutdown" access="true"></right>
        <right name="general.adminpanel" access="false"></right>
        <right name="general.tab_players" access="false"></right>
        <right name="general.tab_resources" access="false"></right>
        <right name="general.tab_maps" access="false"></right>
        <right name="general.tab_server" access="false"></right>
        <right name="general.tab_bans" access="false"></right>
        <right name="general.tab_adminchat" access="false"></right>
        <right name="command.kick" access="false"></right>
        <right name="command.freeze" access="false"></right>
        <right name="command.setnick" access="false"></right>
        <right name="command.shout" access="false"></right>
        <right name="command.spectate" access="false"></right>
        <right name="command.slap" access="false"></right>
        <right name="command.setgroup" access="false"></right>
        <right name="command.sethealth" access="false"></right>
        <right name="command.setarmour" access="false"></right>
        <right name="command.setmoney" access="false"></right>
        <right name="command.setskin" access="false"></right>
        <right name="command.setteam" access="false"></right>
        <right name="command.giveweapon" access="false"></right>
        <right name="command.setstat" access="false"></right>
        <right name="command.jetpack" access="false"></right>
        <right name="command.warp" access="false"></right>
        <right name="command.setdimension" access="false"></right>
        <right name="command.setinterior" access="false"></right>
        <right name="command.createteam" access="false"></right>
        <right name="command.destroyteam" access="false"></right>
        <right name="command.givevehicle" access="false"></right>
        <right name="command.repair" access="false"></right>
        <right name="command.blowvehicle" access="false"></right>
        <right name="command.destroyvehicle" access="false"></right>
        <right name="command.customize" access="false"></right>
        <right name="command.setcolor" access="false"></right>
        <right name="command.setpaintjob" access="false"></right>
        <right name="command.listmessages" access="false"></right>
        <right name="command.readmessage" access="false"></right>
        <right name="command.listresources" access="false"></right>
        <right name="command.delete" access="false"></right>
        <right name="command.execute" access="false"></right>
        <right name="command.setpassword" access="false"></right>
        <right name="command.setwelcome" access="false"></right>
        <right name="command.setgame" access="false"></right>
        <right name="command.setmap" access="false"></right>
        <right name="command.setweather" access="false"></right>
        <right name="command.blendweather" access="false"></right>
        <right name="command.setblurlevel" access="false"></right>
        <right name="command.setwaveheight" access="false"></right>
        <right name="command.setskygradient" access="false"></right>
        <right name="command.setgamespeed" access="false"></right>
        <right name="command.setgravity" access="false"></right>
        <right name="command.settime" access="false"></right>
        <right name="command.setfpslimit" access="false"></right>
        <right name="command.ban" access="false"></right>
        <right name="command.unban" access="false"></right>
        <right name="command.banserial" access="false"></right>
        <right name="command.unbanserial" access="false"></right>
        <right name="command.listbans" access="false"></right>
        <right name="command.clearchat" access="false"></right>
    </acl>
    <acl name="Moderator">
        <right name="general.ModifyOtherObjects" access="false"></right>
        <right name="command.gamemode" access="true"></right>
        <right name="command.changemode" access="true"></right>
        <right name="command.changemap" access="true"></right>
        <right name="command.stopmode" access="true"></right>
        <right name="command.stopmap" access="true"></right>
        <right name="command.skipmap" access="true"></right>
        <right name="command.mute" access="true"></right>
        <right name="command.unmute" access="true"></right>
        <right name="command.whois" access="true"></right>
        <right name="command.whowas" access="true"></right>
        <right name="function.setPlayerMuted" access="true"></right>
        <right name="function.kickPlayer" access="true"></right>
        <right name="function.banIP" access="true"></right>
        <right name="function.banPlayer" access="true"></right>
        <right name="function.banSerial" access="true"></right>
        <right name="function.getBansXML" access="true"></right>
        <right name="function.unbanIP" access="true"></right>
        <right name="function.unbanSerial" access="true"></right>
        <right name="function.startResource" access="true"></right>
        <right name="function.stopResource" access="true"></right>
        <right name="function.restartResource" access="true"></right>
        <right name="function.redirectPlayer" access="true"></right>
        <right name="general.adminpanel" access="true"></right>
        <right name="general.tab_players" access="true"></right>
        <right name="general.tab_resources" access="false"></right>
        <right name="general.tab_maps" access="false"></right>
        <right name="general.tab_server" access="true"></right>
        <right name="general.tab_bans" access="false"></right>
        <right name="general.tab_adminchat" access="true"></right>
        <right name="command.kick" access="false"></right>
        <right name="command.freeze" access="true"></right>
        <right name="command.setnick" access="true"></right>
        <right name="command.shout" access="true"></right>
        <right name="command.spectate" access="false"></right>
        <right name="command.slap" access="true"></right>
        <right name="command.setgroup" access="false"></right>
        <right name="command.sethealth" access="true"></right>
        <right name="command.setarmour" access="true"></right>
        <right name="command.setmoney" access="false"></right>
        <right name="command.setskin" access="true"></right>
        <right name="command.setteam" access="true"></right>
        <right name="command.giveweapon" access="true"></right>
        <right name="command.setstat" access="true"></right>
        <right name="command.jetpack" access="true"></right>
        <right name="command.warp" access="true"></right>
        <right name="command.setdimension" access="true"></right>
        <right name="command.setinterior" access="true"></right>
        <right name="command.createteam" access="false"></right>
        <right name="command.destroyteam" access="false"></right>
        <right name="command.givevehicle" access="true"></right>
        <right name="command.repair" access="true"></right>
        <right name="command.blowvehicle" access="true"></right>
        <right name="command.destroyvehicle" access="true"></right>
        <right name="command.customize" access="true"></right>
        <right name="command.setcolor" access="true"></right>
        <right name="command.setpaintjob" access="true"></right>
        <right name="command.listmessages" access="true"></right>
        <right name="command.readmessage" access="true"></right>
        <right name="command.listresources" access="true"></right>
        <right name="command.start" access="false"></right>
        <right name="command.stop" access="false"></right>
        <right name="command.stopall" access="false"></right>
        <right name="command.delete" access="false"></right>
        <right name="command.restart" access="false"></right>
        <right name="command.execute" access="false"></right>
        <right name="command.setpassword" access="false"></right>
        <right name="command.setwelcome" access="false"></right>
        <right name="command.setgame" access="false"></right>
        <right name="command.setmap" access="false"></right>
        <right name="command.setweather" access="true"></right>
        <right name="command.blendweather" access="true"></right>
        <right name="command.setblurlevel" access="true"></right>
        <right name="command.setwaveheight" access="true"></right>
        <right name="command.setskygradient" access="true"></right>
        <right name="command.setgamespeed" access="true"></right>
        <right name="command.setgravity" access="true"></right>
        <right name="command.settime" access="true"></right>
        <right name="command.setfpslimit" access="false"></right>
        <right name="command.ban" access="true"></right>
        <right name="command.unban" access="false"></right>
        <right name="command.banip" access="false"></right>
        <right name="command.unbanip" access="false"></right>
        <right name="command.banserial" access="true"></right>
        <right name="command.unbanserial" access="false"></right>
        <right name="command.listbans" access="true"></right>
        <right name="general.tab_chat" access="true"></right>
        <right name="command.clearchat" access="true"></right>
    </acl>
    <acl name="SuperModerator">
        <right name="general.ModifyOtherObjects" access="false"></right>
        <right name="command.start" access="true"></right>
        <right name="command.stop" access="false"></right>
        <right name="command.restart" access="true"></right>
        <right name="command.kick" access="true"></right>
        <right name="command.ban" access="true"></right>
        <right name="command.banip" access="true"></right>
        <right name="command.unbanip" access="true"></right>
        <right name="command.reloadbans" access="true"></right>
        <right name="command.refresh" access="true"></right>
        <right name="command.refreshall" access="true"></right>
        <right name="command.loadmodule" access="true"></right>
        <right name="command.unloadmodule" access="true"></right>
        <right name="command.reloadmodule" access="true"></right>
        <right name="command.addaccount" access="true"></right>
        <right name="command.delaccount" access="true"></right>
        <right name="command.chgpass" access="true"></right>
        <right name="function.addAccount" access="true"></right>
        <right name="function.removeAccount" access="true"></right>
        <right name="function.setAccountPassword" access="true"></right>
        <right name="general.adminpanel" access="true"></right>
        <right name="general.tab_players" access="true"></right>
        <right name="general.tab_resources" access="true"></right>
        <right name="general.tab_maps" access="true"></right>
        <right name="general.tab_server" access="true"></right>
        <right name="general.tab_bans" access="true"></right>
        <right name="general.tab_adminchat" access="true"></right>
        <right name="command.freeze" access="true"></right>
        <right name="command.mute" access="true"></right>
        <right name="command.setnick" access="true"></right>
        <right name="command.shout" access="true"></right>
        <right name="command.spectate" access="false"></right>
        <right name="command.slap" access="true"></right>
        <right name="command.setgroup" access="false"></right>
        <right name="command.sethealth" access="true"></right>
        <right name="command.setarmour" access="true"></right>
        <right name="command.setmoney" access="true"></right>
        <right name="command.setskin" access="true"></right>
        <right name="command.setteam" access="true"></right>
        <right name="command.giveweapon" access="true"></right>
        <right name="command.setstat" access="true"></right>
        <right name="command.jetpack" access="true"></right>
        <right name="command.warp" access="true"></right>
        <right name="command.setdimension" access="true"></right>
        <right name="command.setinterior" access="true"></right>
        <right name="command.createteam" access="true"></right>
        <right name="command.destroyteam" access="true"></right>
        <right name="command.givevehicle" access="true"></right>
        <right name="command.repair" access="true"></right>
        <right name="command.blowvehicle" access="true"></right>
        <right name="command.destroyvehicle" access="true"></right>
        <right name="command.customize" access="true"></right>
        <right name="command.setcolor" access="true"></right>
        <right name="command.setpaintjob" access="true"></right>
        <right name="command.listmessages" access="true"></right>
        <right name="command.readmessage" access="true"></right>
        <right name="command.listresources" access="true"></right>
        <right name="command.stopall" access="false"></right>
        <right name="command.delete" access="false"></right>
        <right name="command.execute" access="false"></right>
        <right name="command.setpassword" access="true"></right>
        <right name="command.setwelcome" access="true"></right>
        <right name="command.setgame" access="true"></right>
        <right name="command.setmap" access="true"></right>
        <right name="command.setweather" access="true"></right>
        <right name="command.blendweather" access="true"></right>
        <right name="command.setblurlevel" access="true"></right>
        <right name="command.setwaveheight" access="true"></right>
        <right name="command.setskygradient" access="true"></right>
        <right name="command.setgamespeed" access="true"></right>
        <right name="command.setgravity" access="true"></right>
        <right name="command.settime" access="true"></right>
        <right name="command.setfpslimit" access="false"></right>
        <right name="command.unban" access="true"></right>
        <right name="command.banserial" access="true"></right>
        <right name="command.unbanserial" access="true"></right>
        <right name="command.listbans" access="true"></right>
        <right name="command.clearchat" access="true"></right>
    </acl>
    <acl name="Console">
        <right name="resource.performancebrowser.http" access="true"></right>
        <right name="resource.ajax.http" access="true"></right>
        <right name="general.ModifyOtherObjects" access="true"></right>
        <right name="general.http" access="true"></right>
        <right name="command.shutdown" access="false"></right>
        <right name="command.install" access="true"></right>
        <right name="command.aexec" access="true"></right>
        <right name="command.debugscript" access="true"></right>
        <right name="command.upgrade" access="true"></right>
        <right name="command.crun" access="true"></right>
        <right name="command.srun" access="true"></right>
        <right name="command.run" access="true"></right>
        <right name="command.aclrequest" access="true"></right>
        <right name="function.addBan" access="true"></right>
        <right name="function.setUnbanTime" access="true"></right>
        <right name="function.setBanAdmin" access="true"></right>
        <right name="function.setBanReason" access="true"></right>
        <right name="function.setBanNick" access="true"></right>
        <right name="function.removeBan" access="true"></right>
        <right name="function.reloadBans" access="true"></right>
        <right name="function.executeCommandHandler" access="true"></right>
        <right name="function.setServerPassword" access="true"></right>
        <right name="function.getServerPassword" access="true"></right>
        <right name="function.createResource" access="true"></right>
        <right name="function.copyResource" access="true"></right>
        <right name="function.addResourceMap" access="true"></right>
        <right name="function.addResourceConfig" access="true"></right>
        <right name="function.removeResourceFile" access="true"></right>
        <right name="function.setResourceDefaultSetting" access="true"></right>
        <right name="function.removeResourceDefaultSetting" access="true"></right>
        <right name="function.aclReload" access="true"></right>
        <right name="function.aclSave" access="true"></right>
        <right name="function.aclCreate" access="true"></right>
        <right name="function.aclDestroy" access="true"></right>
        <right name="function.aclSetRight" access="true"></right>
        <right name="function.aclRemoveRight" access="true"></right>
        <right name="function.aclCreateGroup" access="true"></right>
        <right name="function.aclDestroyGroup" access="true"></right>
        <right name="function.aclGroupAddACL" access="true"></right>
        <right name="function.aclGroupRemoveACL" access="true"></right>
        <right name="function.aclGroupAddObject" access="true"></right>
        <right name="function.aclGroupRemoveObject" access="true"></right>
        <right name="function.refreshResources" access="true"></right>
        <right name="function.setServerConfigSetting" access="true"></right>
        <right name="function.updateResourceACLRequest" access="true"></right>
        <right name="function.shutdown" access="false"></right>
        <right name="general.adminpanel" access="true"></right>
        <right name="general.tab_players" access="true"></right>
        <right name="general.tab_resources" access="true"></right>
        <right name="general.tab_maps" access="false"></right>
        <right name="general.tab_server" access="true"></right>
        <right name="general.tab_bans" access="true"></right>
        <right name="general.tab_adminchat" access="true"></right>
        <right name="command.kick" access="true"></right>
        <right name="command.freeze" access="true"></right>
        <right name="command.mute" access="true"></right>
        <right name="command.setnick" access="true"></right>
        <right name="command.shout" access="true"></right>
        <right name="command.slap" access="true"></right>
        <right name="command.setgroup" access="true"></right>
        <right name="command.sethealth" access="true"></right>
        <right name="command.setarmour" access="true"></right>
        <right name="command.setmoney" access="true"></right>
        <right name="command.setskin" access="true"></right>
        <right name="command.setteam" access="true"></right>
        <right name="command.giveweapon" access="true"></right>
        <right name="command.setstat" access="true"></right>
        <right name="command.jetpack" access="true"></right>
        <right name="command.warp" access="true"></right>
        <right name="command.setdimension" access="true"></right>
        <right name="command.setinterior" access="true"></right>
        <right name="command.createteam" access="true"></right>
        <right name="command.destroyteam" access="true"></right>
        <right name="command.givevehicle" access="true"></right>
        <right name="command.repair" access="true"></right>
        <right name="command.blowvehicle" access="true"></right>
        <right name="command.destroyvehicle" access="true"></right>
        <right name="command.customize" access="true"></right>
        <right name="command.setcolor" access="true"></right>
        <right name="command.setpaintjob" access="true"></right>
        <right name="command.listmessages" access="true"></right>
        <right name="command.readmessage" access="true"></right>
        <right name="command.listresources" access="true"></right>
        <right name="command.start" access="true"></right>
        <right name="command.stop" access="true"></right>
        <right name="command.stopall" access="false"></right>
        <right name="command.delete" access="true"></right>
        <right name="command.restart" access="true"></right>
        <right name="command.execute" access="true"></right>
        <right name="command.setpassword" access="true"></right>
        <right name="command.setwelcome" access="true"></right>
        <right name="command.setgame" access="true"></right>
        <right name="command.setmap" access="true"></right>
        <right name="command.setweather" access="true"></right>
        <right name="command.blendweather" access="true"></right>
        <right name="command.setblurlevel" access="true"></right>
        <right name="command.setwaveheight" access="true"></right>
        <right name="command.setskygradient" access="true"></right>
        <right name="command.setgamespeed" access="true"></right>
        <right name="command.setgravity" access="true"></right>
        <right name="command.settime" access="true"></right>
        <right name="command.setfpslimit" access="true"></right>
        <right name="command.ban" access="true"></right>
        <right name="command.unban" access="true"></right>
        <right name="command.banip" access="true"></right>
        <right name="command.unbanip" access="true"></right>
        <right name="command.banserial" access="true"></right>
        <right name="command.unbanserial" access="true"></right>
        <right name="command.listbans" access="true"></right>
        <right name="command.spectate" access="true"></right>
        <right name="command.clearchat" access="false"></right>
    </acl>
    <acl name="Admin">
        <right name="resource.performancebrowser.http" access="true"></right>
        <right name="resource.ajax.http" access="true"></right>
        <right name="general.ModifyOtherObjects" access="true"></right>
        <right name="general.http" access="true"></right>
        <right name="command.shutdown" access="false"></right>
        <right name="command.install" access="true"></right>
        <right name="command.aexec" access="true"></right>
        <right name="command.debugscript" access="true"></right>
        <right name="command.upgrade" access="true"></right>
        <right name="command.crun" access="true"></right>
        <right name="command.srun" access="true"></right>
        <right name="command.run" access="true"></right>
        <right name="command.aclrequest" access="true"></right>
        <right name="function.addBan" access="true"></right>
        <right name="function.setUnbanTime" access="true"></right>
        <right name="function.setBanAdmin" access="true"></right>
        <right name="function.setBanReason" access="true"></right>
        <right name="function.setBanNick" access="true"></right>
        <right name="function.removeBan" access="true"></right>
        <right name="function.reloadBans" access="true"></right>
        <right name="function.executeCommandHandler" access="true"></right>
        <right name="function.setServerPassword" access="true"></right>
        <right name="function.getServerPassword" access="true"></right>
        <right name="function.createResource" access="true"></right>
        <right name="function.copyResource" access="true"></right>
        <right name="function.addResourceMap" access="true"></right>
        <right name="function.addResourceConfig" access="true"></right>
        <right name="function.removeResourceFile" access="true"></right>
        <right name="function.setResourceDefaultSetting" access="true"></right>
        <right name="function.removeResourceDefaultSetting" access="true"></right>
        <right name="function.aclReload" access="true"></right>
        <right name="function.aclSave" access="true"></right>
        <right name="function.aclCreate" access="true"></right>
        <right name="function.aclDestroy" access="true"></right>
        <right name="function.aclSetRight" access="true"></right>
        <right name="function.aclRemoveRight" access="true"></right>
        <right name="function.aclCreateGroup" access="true"></right>
        <right name="function.aclDestroyGroup" access="true"></right>
        <right name="function.aclGroupAddACL" access="true"></right>
        <right name="function.aclGroupRemoveACL" access="true"></right>
        <right name="function.aclGroupAddObject" access="true"></right>
        <right name="function.aclGroupRemoveObject" access="true"></right>
        <right name="function.refreshResources" access="true"></right>
        <right name="function.setServerConfigSetting" access="true"></right>
        <right name="function.updateResourceACLRequest" access="true"></right>
        <right name="function.shutdown" access="false"></right>
        <right name="general.adminpanel" access="true"></right>
        <right name="general.tab_players" access="true"></right>
        <right name="general.tab_resources" access="true"></right>
        <right name="general.tab_maps" access="false"></right>
        <right name="general.tab_server" access="true"></right>
        <right name="general.tab_bans" access="true"></right>
        <right name="general.tab_adminchat" access="true"></right>
        <right name="command.kick" access="true"></right>
        <right name="command.freeze" access="true"></right>
        <right name="command.mute" access="true"></right>
        <right name="command.setnick" access="true"></right>
        <right name="command.shout" access="true"></right>
        <right name="command.slap" access="true"></right>
        <right name="command.setgroup" access="true"></right>
        <right name="command.sethealth" access="true"></right>
        <right name="command.setarmour" access="true"></right>
        <right name="command.setmoney" access="true"></right>
        <right name="command.setskin" access="true"></right>
        <right name="command.setteam" access="true"></right>
        <right name="command.giveweapon" access="true"></right>
        <right name="command.setstat" access="true"></right>
        <right name="command.jetpack" access="true"></right>
        <right name="command.warp" access="true"></right>
        <right name="command.setdimension" access="true"></right>
        <right name="command.setinterior" access="true"></right>
        <right name="command.createteam" access="true"></right>
        <right name="command.destroyteam" access="true"></right>
        <right name="command.givevehicle" access="true"></right>
        <right name="command.repair" access="true"></right>
        <right name="command.blowvehicle" access="true"></right>
        <right name="command.destroyvehicle" access="true"></right>
        <right name="command.customize" access="true"></right>
        <right name="command.setcolor" access="true"></right>
        <right name="command.setpaintjob" access="true"></right>
        <right name="command.listmessages" access="true"></right>
        <right name="command.readmessage" access="true"></right>
        <right name="command.listresources" access="true"></right>
        <right name="command.start" access="true"></right>
        <right name="command.stop" access="true"></right>
        <right name="command.stopall" access="true"></right>
        <right name="command.delete" access="false"></right>
        <right name="command.restart" access="true"></right>
        <right name="command.execute" access="true"></right>
        <right name="command.setpassword" access="true"></right>
        <right name="command.setwelcome" access="true"></right>
        <right name="command.setgame" access="true"></right>
        <right name="command.setmap" access="true"></right>
        <right name="command.setweather" access="true"></right>
        <right name="command.blendweather" access="true"></right>
        <right name="command.setblurlevel" access="true"></right>
        <right name="command.setwaveheight" access="true"></right>
        <right name="command.setskygradient" access="true"></right>
        <right name="command.setgamespeed" access="true"></right>
        <right name="command.setgravity" access="true"></right>
        <right name="command.settime" access="true"></right>
        <right name="command.setfpslimit" access="true"></right>
        <right name="command.ban" access="true"></right>
        <right name="command.unban" access="true"></right>
        <right name="command.banip" access="true"></right>
        <right name="command.unbanip" access="true"></right>
        <right name="command.banserial" access="true"></right>
        <right name="command.unbanserial" access="true"></right>
        <right name="command.listbans" access="true"></right>
        <right name="command.spectate" access="false"></right>
        <right name="command.clearchat" access="true"></right>
    </acl>
    <acl name="RPC">
        <right name="function.callRemote" access="true"></right>
        <right name="function.fetchRemote" access="true"></right>
        <right name="general.adminpanel" access="false"></right>
        <right name="general.tab_players" access="false"></right>
        <right name="general.tab_resources" access="false"></right>
        <right name="general.tab_maps" access="false"></right>
        <right name="general.tab_server" access="false"></right>
        <right name="general.tab_bans" access="false"></right>
        <right name="general.tab_adminchat" access="false"></right>
        <right name="command.kick" access="false"></right>
        <right name="command.freeze" access="false"></right>
        <right name="command.mute" access="false"></right>
        <right name="command.setnick" access="false"></right>
        <right name="command.shout" access="false"></right>
        <right name="command.spectate" access="false"></right>
        <right name="command.slap" access="false"></right>
        <right name="command.setgroup" access="false"></right>
        <right name="command.sethealth" access="false"></right>
        <right name="command.setarmour" access="false"></right>
        <right name="command.setmoney" access="false"></right>
        <right name="command.setskin" access="false"></right>
        <right name="command.setteam" access="false"></right>
        <right name="command.giveweapon" access="false"></right>
        <right name="command.setstat" access="false"></right>
        <right name="command.jetpack" access="false"></right>
        <right name="command.warp" access="false"></right>
        <right name="command.setdimension" access="false"></right>
        <right name="command.setinterior" access="false"></right>
        <right name="command.createteam" access="false"></right>
        <right name="command.destroyteam" access="false"></right>
        <right name="command.givevehicle" access="false"></right>
        <right name="command.repair" access="false"></right>
        <right name="command.blowvehicle" access="false"></right>
        <right name="command.destroyvehicle" access="false"></right>
        <right name="command.customize" access="false"></right>
        <right name="command.setcolor" access="false"></right>
        <right name="command.setpaintjob" access="false"></right>
        <right name="command.listmessages" access="false"></right>
        <right name="command.readmessage" access="false"></right>
        <right name="command.listresources" access="false"></right>
        <right name="command.start" access="false"></right>
        <right name="command.stop" access="false"></right>
        <right name="command.stopall" access="false"></right>
        <right name="command.delete" access="false"></right>
        <right name="command.restart" access="false"></right>
        <right name="command.execute" access="false"></right>
        <right name="command.setpassword" access="false"></right>
        <right name="command.setwelcome" access="false"></right>
        <right name="command.setgame" access="false"></right>
        <right name="command.setmap" access="false"></right>
        <right name="command.setweather" access="false"></right>
        <right name="command.blendweather" access="false"></right>
        <right name="command.setblurlevel" access="false"></right>
        <right name="command.setwaveheight" access="false"></right>
        <right name="command.setskygradient" access="false"></right>
        <right name="command.setgamespeed" access="false"></right>
        <right name="command.setgravity" access="false"></right>
        <right name="command.settime" access="false"></right>
        <right name="command.setfpslimit" access="false"></right>
        <right name="function.shutdown" access="false"></right>
        <right name="command.ban" access="false"></right>
        <right name="command.unban" access="false"></right>
        <right name="command.banip" access="false"></right>
        <right name="command.unbanip" access="false"></right>
        <right name="command.banserial" access="false"></right>
        <right name="command.unbanserial" access="false"></right>
        <right name="command.listbans" access="false"></right>
        <right name="command.clearchat" access="false"></right>
    </acl>
    <acl name="MapEditor">
        <right name="general.ModifyOtherObjects" access="true"></right>
        <right name="function.startResource" access="true"></right>
        <right name="function.stopResource" access="true"></right>
        <right name="function.restartResource" access="true"></right>
        <right name="function.createResource" access="true"></right>
        <right name="function.copyResource" access="true"></right>
        <right name="function.renameResource" access="true"></right>
        <right name="function.deleteResource" access="true"></right>
        <right name="function.addResourceMap" access="true"></right>
        <right name="function.addResourceConfig" access="true"></right>
        <right name="function.removeResourceFile" access="true"></right>
        <right name="function.setResourceDefaultSetting" access="true"></right>
        <right name="function.removeResourceDefaultSetting" access="true"></right>
        <right name="function.xmlLoadFile" access="true"></right>
        <right name="function.refreshResources" access="true"></right>
        <right name="general.adminpanel" access="false"></right>
        <right name="general.tab_players" access="false"></right>
        <right name="general.tab_resources" access="false"></right>
        <right name="general.tab_maps" access="false"></right>
        <right name="general.tab_server" access="false"></right>
        <right name="general.tab_bans" access="false"></right>
        <right name="general.tab_adminchat" access="false"></right>
        <right name="command.kick" access="false"></right>
        <right name="command.freeze" access="false"></right>
        <right name="command.mute" access="false"></right>
        <right name="command.setnick" access="false"></right>
        <right name="command.shout" access="false"></right>
        <right name="command.spectate" access="false"></right>
        <right name="command.slap" access="false"></right>
        <right name="command.setgroup" access="false"></right>
        <right name="command.sethealth" access="false"></right>
        <right name="command.setarmour" access="false"></right>
        <right name="command.setmoney" access="false"></right>
        <right name="command.setskin" access="false"></right>
        <right name="command.setteam" access="false"></right>
        <right name="command.giveweapon" access="false"></right>
        <right name="command.setstat" access="false"></right>
        <right name="command.jetpack" access="false"></right>
        <right name="command.warp" access="false"></right>
        <right name="command.setdimension" access="false"></right>
        <right name="command.setinterior" access="false"></right>
        <right name="command.createteam" access="false"></right>
        <right name="command.destroyteam" access="false"></right>
        <right name="command.givevehicle" access="false"></right>
        <right name="command.repair" access="false"></right>
        <right name="command.blowvehicle" access="false"></right>
        <right name="command.destroyvehicle" access="false"></right>
        <right name="command.customize" access="false"></right>
        <right name="command.setcolor" access="false"></right>
        <right name="command.setpaintjob" access="false"></right>
        <right name="command.listmessages" access="false"></right>
        <right name="command.readmessage" access="false"></right>
        <right name="command.listresources" access="false"></right>
        <right name="command.start" access="false"></right>
        <right name="command.stop" access="false"></right>
        <right name="command.stopall" access="false"></right>
        <right name="command.delete" access="false"></right>
        <right name="command.restart" access="false"></right>
        <right name="command.execute" access="false"></right>
        <right name="command.setpassword" access="false"></right>
        <right name="command.setwelcome" access="false"></right>
        <right name="command.setgame" access="false"></right>
        <right name="command.setmap" access="false"></right>
        <right name="command.setweather" access="false"></right>
        <right name="command.blendweather" access="false"></right>
        <right name="command.setblurlevel" access="false"></right>
        <right name="command.setwaveheight" access="false"></right>
        <right name="command.setskygradient" access="false"></right>
        <right name="command.setgamespeed" access="false"></right>
        <right name="command.setgravity" access="false"></right>
        <right name="command.settime" access="false"></right>
        <right name="command.setfpslimit" access="false"></right>
        <right name="function.shutdown" access="false"></right>
        <right name="command.ban" access="false"></right>
        <right name="command.unban" access="false"></right>
        <right name="command.banip" access="false"></right>
        <right name="command.unbanip" access="false"></right>
        <right name="command.banserial" access="false"></right>
        <right name="command.unbanserial" access="false"></right>
        <right name="command.listbans" access="false"></right>
        <right name="command.clearchat" access="false"></right>
    </acl>
    <acl name="raceACL">
        <right name="general.ModifyOtherObjects" access="true"></right>
        <right name="function.xmlLoadFile" access="true"></right>
        <right name="function.startResource" access="true"></right>
        <right name="function.stopResource" access="true"></right>
        <right name="function.restartResource" access="true"></right>
        <right name="general.adminpanel" access="false"></right>
        <right name="general.tab_players" access="false"></right>
        <right name="general.tab_resources" access="false"></right>
        <right name="general.tab_maps" access="false"></right>
        <right name="general.tab_server" access="false"></right>
        <right name="general.tab_bans" access="false"></right>
        <right name="general.tab_adminchat" access="false"></right>
        <right name="command.kick" access="false"></right>
        <right name="command.freeze" access="false"></right>
        <right name="command.mute" access="false"></right>
        <right name="command.setnick" access="false"></right>
        <right name="command.shout" access="false"></right>
        <right name="command.spectate" access="false"></right>
        <right name="command.slap" access="false"></right>
        <right name="command.setgroup" access="false"></right>
        <right name="command.sethealth" access="false"></right>
        <right name="command.setarmour" access="false"></right>
        <right name="command.setmoney" access="false"></right>
        <right name="command.setskin" access="false"></right>
        <right name="command.setteam" access="false"></right>
        <right name="command.giveweapon" access="false"></right>
        <right name="command.setstat" access="false"></right>
        <right name="command.jetpack" access="false"></right>
        <right name="command.warp" access="false"></right>
        <right name="command.setdimension" access="false"></right>
        <right name="command.setinterior" access="false"></right>
        <right name="command.createteam" access="false"></right>
        <right name="command.destroyteam" access="false"></right>
        <right name="command.givevehicle" access="false"></right>
        <right name="command.repair" access="false"></right>
        <right name="command.blowvehicle" access="false"></right>
        <right name="command.destroyvehicle" access="false"></right>
        <right name="command.customize" access="false"></right>
        <right name="command.setcolor" access="false"></right>
        <right name="command.setpaintjob" access="false"></right>
        <right name="command.listmessages" access="false"></right>
        <right name="command.readmessage" access="false"></right>
        <right name="command.listresources" access="false"></right>
        <right name="command.start" access="false"></right>
        <right name="command.stop" access="false"></right>
        <right name="command.stopall" access="false"></right>
        <right name="command.delete" access="false"></right>
        <right name="command.restart" access="false"></right>
        <right name="command.execute" access="false"></right>
        <right name="command.setpassword" access="false"></right>
        <right name="command.setwelcome" access="false"></right>
        <right name="command.setgame" access="false"></right>
        <right name="command.setmap" access="false"></right>
        <right name="command.setweather" access="false"></right>
        <right name="command.blendweather" access="false"></right>
        <right name="command.setblurlevel" access="false"></right>
        <right name="command.setwaveheight" access="false"></right>
        <right name="command.setskygradient" access="false"></right>
        <right name="command.setgamespeed" access="false"></right>
        <right name="command.setgravity" access="false"></right>
        <right name="command.settime" access="false"></right>
        <right name="command.setfpslimit" access="false"></right>
        <right name="function.shutdown" access="false"></right>
        <right name="command.ban" access="false"></right>
        <right name="command.unban" access="false"></right>
        <right name="command.banip" access="false"></right>
        <right name="command.unbanip" access="false"></right>
        <right name="command.banserial" access="false"></right>
        <right name="command.unbanserial" access="false"></right>
        <right name="command.listbans" access="false"></right>
        <right name="command.clearchat" access="false"></right>
    </acl>
    <acl name="DevACL">
        <right name="resource.performancebrowser.http" access="true"></right>
        <right name="resource.ajax.http" access="true"></right>
        <right name="general.adminpanel" access="false"></right>
        <right name="general.tab_players" access="false"></right>
        <right name="general.tab_resources" access="false"></right>
        <right name="general.tab_maps" access="false"></right>
        <right name="general.tab_server" access="false"></right>
        <right name="general.tab_bans" access="false"></right>
        <right name="general.tab_adminchat" access="false"></right>
        <right name="command.kick" access="false"></right>
        <right name="command.freeze" access="false"></right>
        <right name="command.mute" access="false"></right>
        <right name="command.setnick" access="false"></right>
        <right name="command.shout" access="false"></right>
        <right name="command.spectate" access="false"></right>
        <right name="command.slap" access="false"></right>
        <right name="command.setgroup" access="false"></right>
        <right name="command.sethealth" access="false"></right>
        <right name="command.setarmour" access="false"></right>
        <right name="command.setmoney" access="false"></right>
        <right name="command.setskin" access="false"></right>
        <right name="command.setteam" access="false"></right>
        <right name="command.giveweapon" access="false"></right>
        <right name="command.setstat" access="false"></right>
        <right name="command.jetpack" access="false"></right>
        <right name="command.warp" access="false"></right>
        <right name="command.setdimension" access="false"></right>
        <right name="command.setinterior" access="false"></right>
        <right name="command.createteam" access="false"></right>
        <right name="command.destroyteam" access="false"></right>
        <right name="command.givevehicle" access="false"></right>
        <right name="command.repair" access="false"></right>
        <right name="command.blowvehicle" access="false"></right>
        <right name="command.destroyvehicle" access="false"></right>
        <right name="command.customize" access="false"></right>
        <right name="command.setcolor" access="false"></right>
        <right name="command.setpaintjob" access="false"></right>
        <right name="command.listmessages" access="false"></right>
        <right name="command.readmessage" access="false"></right>
        <right name="command.listresources" access="false"></right>
        <right name="command.start" access="false"></right>
        <right name="command.stop" access="false"></right>
        <right name="command.stopall" access="false"></right>
        <right name="command.delete" access="false"></right>
        <right name="command.restart" access="false"></right>
        <right name="command.execute" access="false"></right>
        <right name="command.setpassword" access="false"></right>
        <right name="command.setwelcome" access="false"></right>
        <right name="command.setgame" access="false"></right>
        <right name="command.setmap" access="false"></right>
        <right name="command.setweather" access="false"></right>
        <right name="command.blendweather" access="false"></right>
        <right name="command.setblurlevel" access="false"></right>
        <right name="command.setwaveheight" access="false"></right>
        <right name="command.setskygradient" access="false"></right>
        <right name="command.setgamespeed" access="false"></right>
        <right name="command.setgravity" access="false"></right>
        <right name="command.settime" access="false"></right>
        <right name="command.setfpslimit" access="false"></right>
        <right name="function.shutdown" access="false"></right>
        <right name="command.ban" access="false"></right>
        <right name="command.unban" access="false"></right>
        <right name="command.banip" access="false"></right>
        <right name="command.unbanip" access="false"></right>
        <right name="command.banserial" access="false"></right>
        <right name="command.unbanserial" access="false"></right>
        <right name="command.listbans" access="false"></right>
        <right name="command.clearchat" access="false"></right>
    </acl>
    <acl name="autoACL_acpanel">
        <right name="function.setServerConfigSetting" access="false"></right>
        <right name="function.kickPlayer" access="false"></right>
        <right name="function.fetchRemote" access="false"></right>
    </acl>
    <acl name="Painelstaff">
        <right name="general.tab_chat" access="true"></right>
        <right name="command.banserial" access="true"></right>
        <right name="command.ban" access="true"></right>
        <right name="general.adminpanel" access="true"></right>
        <right name="general.tab_players" access="false"></right>
        <right name="general.tab_resources" access="false"></right>
        <right name="general.tab_maps" access="false"></right>
        <right name="general.tab_server" access="false"></right>
        <right name="general.tab_bans" access="false"></right>
        <right name="general.tab_adminchat" access="false"></right>
        <right name="command.kick" access="true"></right>
        <right name="command.freeze" access="false"></right>
        <right name="command.mute" access="false"></right>
        <right name="command.setnick" access="false"></right>
        <right name="command.shout" access="false"></right>
        <right name="command.spectate" access="false"></right>
        <right name="command.slap" access="false"></right>
        <right name="command.setgroup" access="false"></right>
        <right name="command.sethealth" access="false"></right>
        <right name="command.setarmour" access="false"></right>
        <right name="command.setmoney" access="false"></right>
        <right name="command.setskin" access="true"></right>
        <right name="command.setteam" access="false"></right>
        <right name="command.giveweapon" access="false"></right>
        <right name="command.setstat" access="false"></right>
        <right name="command.jetpack" access="false"></right>
        <right name="command.warp" access="false"></right>
        <right name="command.setdimension" access="false"></right>
        <right name="command.setinterior" access="false"></right>
        <right name="command.createteam" access="false"></right>
        <right name="command.destroyteam" access="false"></right>
        <right name="command.givevehicle" access="false"></right>
        <right name="command.repair" access="false"></right>
        <right name="command.blowvehicle" access="false"></right>
        <right name="command.destroyvehicle" access="false"></right>
        <right name="command.customize" access="false"></right>
        <right name="command.setcolor" access="false"></right>
        <right name="command.setpaintjob" access="false"></right>
        <right name="command.listmessages" access="false"></right>
        <right name="command.readmessage" access="false"></right>
        <right name="command.listresources" access="false"></right>
        <right name="command.start" access="false"></right>
        <right name="command.stop" access="false"></right>
        <right name="command.stopall" access="false"></right>
        <right name="command.delete" access="false"></right>
        <right name="command.restart" access="false"></right>
        <right name="command.execute" access="false"></right>
        <right name="command.setpassword" access="false"></right>
        <right name="command.setwelcome" access="false"></right>
        <right name="command.setgame" access="false"></right>
        <right name="command.setmap" access="false"></right>
        <right name="command.setweather" access="false"></right>
        <right name="command.blendweather" access="false"></right>
        <right name="command.setblurlevel" access="false"></right>
        <right name="command.setwaveheight" access="false"></right>
        <right name="command.setskygradient" access="false"></right>
        <right name="command.setgamespeed" access="false"></right>
        <right name="command.setgravity" access="false"></right>
        <right name="command.settime" access="false"></right>
        <right name="command.setfpslimit" access="false"></right>
        <right name="function.shutdown" access="false"></right>
        <right name="command.unban" access="false"></right>
        <right name="command.banip" access="false"></right>
        <right name="command.unbanip" access="false"></right>
        <right name="command.unbanserial" access="false"></right>
        <right name="command.listbans" access="false"></right>
        <right name="command.clearchat" access="false"></right>
    </acl>
</acl>
