<banlist>
    <ban nick="Vitorsavio" serial="043097EE4CD352FFABE34491C5831594" banner="Ganancia" reason="Motivo: Ofensa a o servidor + Colocando pornografia no discord (by [MOD]Vinicius )" time="1599650993"></ban>
    <ban nick="cat" serial="8E2D9B55C6EA0C4C0F1766D8725731E3" banner="GMJohnny" reason="ESTORNO PAYPAL, PORCURE O FINANCEIRO DO BGO LITE!" time="1600064688"></ban>
    <ban serial="C173A3014F6DB6D957DF9B9403C9B9F3" banner="GMJohnny" reason="ESTORNO BGO LITE, PROCURE O FINANCEIRO DO LITE!" time="1600308232"></ban>
    <ban nick="matheus" serial="57D2ED83134BD2DAFC59DD5DA59AB634" banner="GMJohnny" reason="ESTORNO PAYPAL, PROCURE O FINANCEIRO DO SERVIDOR" time="1601160979"></ban>
    <ban nick="adrianim12" serial="33D390FB7371B997CA741A2E9DEA8E52" banner="Ganancia" reason="Criando conta fake, se passando pelo Abinis e solicitando que um Staff colocasse a conta dele no ACL" time="1602508806"></ban>
    <ban nick="vinicius" serial="D605B7F8965DBCE825B5DA621BBDD6F4" banner="JMJr" reason="RDM - Matando todos sem motivo By: Kauan" time="1602681099"></ban>
    <ban nick="Gabriela_Silva" serial="2F02F00AED56564D67D777DD7EFF9C13" banner="slalemao" reason="Fundadora geral em servidor copia do BGO &lt; SEM UNBAN &gt; (by [S-ADM] Vinicius) (nick: Gabriela_Silva) (by slalemao)" time="1604769244"></ban>
    <ban nick="Dinho" serial="082DE9B686B233837194933963111AA3" banner="GMJohnny" reason="CONTA DESATIVADA NO BGO #LutoMLC (nick: Dinho) (by GMJohnny)" time="1605139552"></ban>
    <ban nick="Nickzao" serial="43CD06A003911D555D8353C6A8D86A94" banner="slalemao" reason="Ofensa ao servidor - Falando que o pessoal do servidor precisa de esmola de unban e que geral passa fome e ainda falou que nao vive de jogo online (by [S-ADM] Vinicius) (nick: Nickzao) (by slalemao)" time="1605227149"></ban>
    <ban nick="ABINIS9" serial="3B47203C7BA04EF684770833FCB02352" banner="Abinis" reason="Matando pessoas no ifood sem motivo!  ( criança )" time="1606166605"></ban>
    <ban nick="Thxstz" serial="1338F9743A60678BC1083A65C49210F4" banner="Akura" reason="Anti RP - Invadindo base, RDM, se passando por membro de facção. (nick: Thxstz) (by Akura)" time="1607014888"></ban>
    <ban nick="Daviizinnn " serial="6060422BAC55C6162F41A4FEF41BE702" banner="Junior-r8" reason="Procurar um GM ou SGM para remover o seu poder Admin." time="1607370757"></ban>
    <ban nick="6locc6a6y" serial="29D72C2C81E6A12B173821B65ADF20E3" banner="Ganancia" reason="Multiplus RDM depois de pedir o fechamento da Fac (Mafia) o mesmo saiu matando geral ( sem direito de Unban ele seguiu seu DESTINO)" time="1607838646"></ban>
    <ban nick="W_J" serial="D0CCD14398A13FDFD0E86DBB428B63E2" banner="Ganancia" reason="Multiplus RDM depois de pedir o fechamento da Fac (Mafia) o mesmo saiu matando geral ( sem direito de Unban ele seguiu seu DESTINO)" time="1607838676"></ban>
    <ban nick="ARTU" serial="0CAB88A044EA0D8452C65738866E9F62" banner="GMJohnny" reason="CONTA DESATIVADA NO BGO" time="1608081020"></ban>
    <ban nick="MAQUIN" serial="F936CAEAB115D416F925476C55CF9E42" banner="GMJohnny" reason="CONTA DESATIVADA NO BGO" time="1608081059"></ban>
    <ban nick="juju" serial="4932B4B16FC549288EB01FEE8A4030F4" banner="GMJohnny" reason="conta desativada no BGO" time="1608082728"></ban>
    <ban nick="Azevedo" serial="FB4B016735DC955C0D3C1E0A379418B2" banner="JMJr" reason="O mesmo ficava criando varias contas pra ficar zoando no canal de denúncias. By: Penaldinho" time="1608594408"></ban>
    <ban nick="TrovaoJN" serial="9AB846355E4827560D3EC4C1DAE60753" banner="HitmanLM" reason="ofensa staff (nick: TrovaoJN) (by HitmanLM)" time="1608878995"></ban>
    <ban nick="Asteroidee" serial="457B98D7E604AD2D55A898DFCE6527E4" banner="Ganancia" reason="Motivo: RDM + ANTI-RP + CL + XENOFOBIA + OFENSA STAFF (by [S-ADM]Rafael_Lopreti) " time="1608951151"></ban>
    <ban nick="bronks" serial="BA9B1F5CD6C51862D6637F8A17B39391" banner="JMJr" reason="Matando todo mundo sem motivo. ( SEM UNBAN) (nick: bronks) (by JMJr)" time="1609263695"></ban>
    <ban nick="Thiaguito" serial="FEAC97D9D9CAEBF7B2890BC1999499A3" banner="JMJr" reason="RDM Matando pessoas sem motivo. (SEM UNBAN)." time="1610059061"></ban>
    <ban serial="82C62F6A27175E9B2F1BA04E4257FBA4" banner="JMJr" reason="RDM - matando todos sem motivo. (SEM UNBAN)." time="1610403033"></ban>
    <ban nick="yunkvino" serial="02890CA24299C38D0DEB2E465ED91CA3" banner="JMJr" reason="Matando todos sem motivo. (SEM UNBAN)." time="1610403448"></ban>
    <ban nick="SIMSIMSIM" serial="7BC6B7581D1D9EBB2C3DA959EAFD1583" banner="JMJr" reason="Matando todos sem motivo. (SEM UNBAN.)" time="1610403532"></ban>
    <ban nick="Nick" serial="61B050A204A6BB0E8B65246CAE701184" banner="Ganancia" reason="RDM no BGO LIte a pedido do Johnny (sem Unban)" time="1610680971"></ban>
    <ban nick="Nick" serial="18D227975455AE1E580F330FB02F9C13" banner="Ganancia" reason="RDM no BGO LIte a pedido do Johnny (sem Unban)" time="1610680984"></ban>
    <ban nick="Pimentao" serial="C1375055E86FCC8DE951E4B6ECA31AE4" banner="stark1" reason="RDM By [ADM]Penaldinho (nick: Pimentao) (by stark1)" time="1610819573"></ban>
    <ban nick="Higo_c" serial="506DC7703B7ECEBD6C9CA35309045391" banner="stark1" reason="RDM By [ADM]Penaldinho (SEM UNBAN) (nick: Higo_c) (by stark1)" time="1610921196"></ban>
    <ban nick="zeromeia" serial="3B67147073A7E3984CF15F0F31FD7E62" banner="Ganancia" reason="(sem Unban) ant cometendo multiplos RDM" time="1611025050"></ban>
    <ban nick="padilha" serial="B1FD789CDA24A4BD5B130D0155C5B5F3" banner="Ganancia" reason="(sem Unban) ant cometendo multiplos RDM" time="1611025081"></ban>
    <ban nick=" MelooKING" serial="55BE8AC1794E4784D91D803EF552A493" banner="Ganancia" reason="O mesmo fez RDM O mesmo fez RDM no Lite e publicou video no midia do BGO" time="1611128579"></ban>
    <ban nick="****" serial="83EF3F7D866842BF8DE3F3DB5068BE52" banner="GMJohnny" reason="permaban" time="1611261043"></ban>
    <ban nick="****" serial="3FCEE76C9047B3BD1B1DA421FAB1A844" banner="GMJohnny" reason="permaban" time="1611261067"></ban>
    <ban nick="PedroT" serial="71C644A63199370BA0C45F29757681A2" banner="MrChicken" reason="RP massivo - diversos RDM, VDM, sem amor a vida, matando em area safe e falando morto (nick: PedroT) (by MrChicken)" time="1611425251"></ban>
    <ban nick="Kayky" serial="1C57DB701D534919DA7E6B724E5550E4" banner="HitmanLM" reason="RDM massivo (nick: Kayky) (by HitmanLM)" time="1611648639"></ban>
    <ban nick="Carl" serial="1414869F378E9C4B22980AE203D378F3" banner="PedroLR" reason="RDM NA GROVE (SEM UNBAN) (nick: Carl) (by PedroLR)" time="1611763292"></ban>
    <ban nick="JHONNES" serial="A75C6152E7080E3DB253AC3008948E43" banner="Ganancia" reason="RDM extrmo na groove (sem unba)" time="1611763439"></ban>
    <ban nick="julia" serial="B02D815799759ECD81428D87410F1333" banner="JMJr" reason="RDM - Sem unban" time="1611959814"></ban>
    <ban nick="CarlosSs" serial="D12D53379E233D35E363EB65D84814B3" banner="HitmanLM" reason="TERRORISMO (nick: CarlosSs) (by HitmanLM)" time="1611992332"></ban>
    <ban nick="murillo2k" serial="3EB67B821249458A2F44938F039BBB42" banner="magrinbgo" reason="Terrorismo [By: [MOD]Leonardo]" time="1611995329"></ban>
    <ban nick="Ted_Bundy" serial="6C6B132609C3BAA2ADDAAE9C6BF64493" banner="HitmanLM" reason="terrorismo (nick: Ted_Bundy) (by HitmanLM)" time="1612212337"></ban>
    <ban nick="Yago_Adolfo" serial="73E8271E5C4D5C3CBF4E2F07E963F152" banner="HitmanLM" reason="auxilio ao terrorismo (nick: Yago_Adolfo) (by HitmanLM)" time="1612212365"></ban>
    <ban nick="Lacoste_Shelby" serial="5C064FDA14CD0D825D07CCE5214D4C12" banner="GMJohnny" reason="PROCURE O FINANCEIRO! (nick: Lacoste_Shelby) (by GMJohnny)" time="1612648647"></ban>
    <ban nick="GotenX " serial="03CF18D62D919AB2A2DF9828ABB44CA1" banner="Ganancia" reason="RDM extremo no bgo lite (sem unban)" time="1613166733"></ban>
    <ban nick="Carioca" serial="F7D011CABFF7B32AEBC303ED6C39DC71" banner="Victor92" reason="RDM [By: [MOD]Victor] (nick: Carioca) (by Victor92)" time="1613168856"></ban>
    <ban nick="PABOLO" serial="66BE8E10EC4C7F189AC77BD668AD3444" banner="Petzer" reason="RDM ESTREMO (Sen UN-BAN) (nick: PABOLO) (by Petzer)" time="1613179323"></ban>
    <ban nick="felipe_barto" serial="DF5AA6D555B5909DC26D17C5D57430A2" banner="Petzer" reason="RDM ESTREMO (Sen UN-BAN) (nick: felipe_barto) (by Petzer)" time="1613179333"></ban>
    <ban nick="yJhooo" serial="8FED18F5A6BDA768AEA44986D7D82AA2" banner="GianMyckael" reason="Terrorismo e CL (sem unban) (nick: yJhooo) (by GianMyckael)" time="1613697650"></ban>
    <ban nick="Rabico" serial="1036CD0D50A93136512EAA94213821F4" banner="Ganancia" reason="Motivo: RDM - VARIOS ANTI RP (SEM UNBAN) (By [MOD]Gustavo) " time="1614004252"></ban>
    <ban nick="Works" serial="CF44606B600BC487C6DFD9749306E094" banner="Ganancia" reason="Motivo: RDM - VARIOS ANTI RP (SEM UNBAN) (By [MOD]Gustavo) " time="1614004298"></ban>
    <ban nick="Pedro" serial="26086BF7A486E9CEE0AC13FD985E4BA3" banner="Ganancia" reason="Motivo: RDM - VARIOS ANTI RP (SEM UNBAN) (By [MOD]Gustavo) " time="1614004336"></ban>
    <ban nick="Gota" serial="33D96DAE7B7ADBA7CCF651002184F544" banner="Flares" reason="RDM,Power Gaming (SEM UNBAM) (By:[MOD]Flares) (nick: Gota) (by Flares)" time="1614127733"></ban>
    <ban nick="XvirusX" serial="2CA6955264E11298FA78C7FCDB5C56E3" banner="magrinbgo" reason="Motivo: RDM - extremo  (by [ADM]Penaldinho)" time="1614285894"></ban>
    <ban nick=" Higo" serial="506DC7703B7ECEBD6C9CA35309045391" banner="arlekina" reason="RDM + Combat Log ( By: [S-ADM]Tony )" time="1599256872"></ban>
    <ban nick="CAT" serial="8E2D9B55C6EA0C4C0F1766D8725731E3" banner="GMJohnny" reason="ESTORNO PAYPAL, PROCURE O FINANCEIRO DO SERVIDOR!" time="1600064346"></ban>
    <ban nick="theus" serial="2890190E6843BA3BD597DEA402E6C6A3" banner="GMJohnny" reason="extorno paypal procure o financeiro do servidor" time="1600293422"></ban>
    <ban nick="rafael" serial="C173A3014F6DB6D957DF9B9403C9B9F3" banner="GMJohnny" reason="EXTORNO PAYPAL PROCURE O FINANCEIRO" time="1600293481"></ban>
    <ban nick="matheus" serial="57D2ED83134BD2DAFC59DD5DA59AB634" banner="GMJohnny" reason="estorno no bgo normal procurar o financeiro." time="1601180680"></ban>
    <ban nick="geraldão" serial="5C6C2BA71C7FF274FE2852AB710107A2" banner="GMJohnny" reason="ofensa ao servidor e ao fundador" time="1601762391"></ban>
    <ban nick="lil" serial="EAF8E867A520BDDF9618E43A172EB994" banner="GMJohnny" reason="estorno paypal procure o financeiro do servidor" time="1601763105"></ban>
    <ban nick="leka" serial="30D0D4B9785B403D0589BDE8EB5289B3" banner="GMJohnny" reason="estono paypal procure o financeiro do BGO lite." time="1601763203"></ban>
    <ban nick="THEmiguel" serial="5466BAD7D2437FABD547F729A1912092" banner="Phercy" reason="Calote, RDM e CL        by Jotinha. (nick: THEmiguel) (by Phercy)" time="1602288435"></ban>
    <ban nick="jt" serial="C06537ECA3A69DE9C60EC9642FF509A4" banner="velosown" reason="RDM e ofesa staff. (nick: jt) (by velosown)" time="1602312637"></ban>
    <ban nick="adrianim12" serial="33D390FB7371B997CA741A2E9DEA8E52" banner="arlekina" reason="se passando por um fundador e pedindo pra add o user dele na acl do painel" time="1602462607"></ban>
    <ban nick="Fixaaaa" serial="FAD22687D29073D9588CF89168A83CB4" banner="Gustavo02" reason="RDM e 3 Combat-Loggin! (Sem-unban) By O&apos;Conner) (nick: Fixaaaa) (by Gustavo02)" time="1602559443"></ban>
    <ban nick="grott" serial="D09050C4900D0142F0F1865EE8687602" banner="GMJohnny" reason="ESTORNO PAYPAL PROCURE O FINANCEIRO" time="1602973025"></ban>
    <ban nick="Largatixa" serial="E8B2862AA826998CBEF9D5F8748CF4A3" banner="Elias1" reason="Estorno Paypal procure o financeiro do servidor (nick: Largatixa) (by Elias1)" time="1603926515"></ban>
    <ban nick="MariaTirica" serial="37F39E7F95BBA5794B131DF1BEBE48B3" banner="Oliveira" reason="RDM+XINGANDO O SERVIDOR (nick: MariaTirica) (by Oliveira)" time="1606369412"></ban>
    <ban nick="Cleiton_Silva" serial="33B2B9557B9E9F7E98DAF67D18E0F1E4" banner="maxgabriel" reason="RDM (By Taku) (nick: Cleiton_Silva) (by maxgabriel)" time="1607706479"></ban>
    <ban nick="EoVitao" serial="35B44F20FE385BF83E781DD5E3CF28A4" banner="Thiago" reason="RDM (By: Guidi) (nick: EoVitao) (by Thiago)" time="1609365539"></ban>
    <ban nick=" patimate" serial="4A424FC3022388DDB4B142D40AEFECF4" banner="Carminati" reason="RDM e ofensa ao servidor. (By: Guidi) SEM UNBAN" time="1609380624"></ban>
    <ban nick="Mikael" serial="071703594D95F6ECDAD26AD615A94C44" banner="cl12" reason="Invadindo a grove e dando CL" time="1609640785" unban="2147483647"></ban>
    <ban nick="Dudu09" serial="3A750BB672759B9652F4F35F1D607C13" banner="cl12" reason="RDM Diversas vezes - SEM UNBAN (By: Guidi)" time="1609946834"></ban>
    <ban nick="Espetin" serial="F1C8F33CB5DCE1D75243E17079A1D652" banner="cl12" reason="RDM extremo na grove (SEM UNBAN FINANCEIRO) (nick: Espetin) (by cl12)" time="1609979739" unban="1635899739"></ban>
    <ban nick="thaylano" serial="7BD0A555149147FC09C5DF82E5E4F852" banner="cl12" reason="RDM em safe e deu CL (SEM UNBAN FINANCEIRO)" time="1610337693"></ban>
    <ban nick="Drizzy" serial="587C80AAD1936D96EDA8583DBC08DB94" banner="Thiago" reason="RDM (By: Guidi) SEM UNBAN FINANCEIRO (nick: Drizzy) (by Thiago)" time="1610407682"></ban>
    <ban nick="dudu" serial="61B050A204A6BB0E8B65246CAE701184" banner="GMJohnny" reason="ACHEI SEU SERIAL - RDM GRAVE SEM UNBAN" time="1610680266"></ban>
    <ban nick="joelito" serial="18D227975455AE1E580F330FB02F9C13" banner="GMJohnny" reason="tbm te achei - rdm grave sem unban" time="1610680604"></ban>
    <ban nick="pedrin" serial="FE58EB8B9BA6D313DC7407424EE20333" banner="maxgabriel" reason="RDM Extremo, Ofensa ao servidor, Ofensa à staff. (by Taku) (nick: pedrin) (by maxgabriel)" time="1610745775"></ban>
    <ban nick="zeromeia" serial="3B67147073A7E3984CF15F0F31FD7E62" banner="Ganancia" reason="(sem Unban) ant cometendo multiplos RDM" time="1611024633"></ban>
    <ban nick="padilha" serial="B1FD789CDA24A4BD5B130D0155C5B5F3" banner="Ganancia" reason="(sem Unban) ant cometendo multiplos RDM" time="1611024674"></ban>
    <ban nick="SucoSZ" serial="55BE8AC1794E4784D91D803EF552A493" banner="Ganancia" reason="Multiplos RDM no feito dentro da Groove" time="1611127720"></ban>
    <ban nick="Rayozx" serial="F78553A6DB93C03C08AD167CB4546EA3" banner="Hiroshima" reason="RDM (nick: Rayozx) (by Hiroshima)" time="1611189034"></ban>
    <ban nick="MatheusDaSilva" serial="AFC21CCE62D9B80FCF1F6A25DFB76EF4" banner="Ana01" reason="RDM (By. [MOD]CAUAN) (nick: MatheusDaSilva) (by Ana01)" time="1611367640"></ban>
    <ban nick="Vulgo_Leo" serial="C4333A6DEC2B10E5A934EA4F42A25502" banner="jaaj" reason="RDM Extermo. By [MOD]Gaguin (nick: Vulgo_Leo) (by jaaj)" time="1611434597"></ban>
    <ban nick="gabriel_" serial="3B7AA413FAF3451AF9907A6F53982643" banner="goblinLOL" reason="RDM NO BGO NORMAL. (sem unban)" time="1611534773"></ban>
    <ban nick="rafael_silveira" serial="40D0F19208F2C5535A6E0AD4244124F4" banner="Kuramy" reason="RDM sem unban[by:kuramy] (nick: rafael_silveira) (by Kuramy)" time="1611673062"></ban>
    <ban nick="GL" serial="CACEEF798A5CCD12C458C6354B48B3E3" banner="Thiago" reason="RDM (By: Guidi) SEM UNBAN (nick: GL) (by Thiago)" time="1611706754"></ban>
    <ban nick="Malucao" serial="05A070DEE16EF880FE1DECB7285EAC03" banner="Thiago" reason="RDM (By: Guidi) SEM UNBAN  (nick: Malucao) (by Thiago)" time="1611707119"></ban>
    <ban nick="TrovaoJN" serial="9AB846355E4827560D3EC4C1DAE60753" banner="goblinLOL" reason="RDM PELA A CIDADE (By. [ADM-G]Dias) (sem unban)" time="1611707346"></ban>
    <ban nick="Veras" serial="025073CC682860CDBBEBE7D6D8452803" banner="goblinLOL" reason="RDM PELA A CIDADE (By. [ADM-G]Dias) (sem unban)" time="1611707406"></ban>
    <ban nick="smfps " serial="17499D96F459C037C878F7577E705E42" banner="goblinLOL" reason="RDM PELA A CIDADE (By. [ADM-G]Dias) (sem unban)" time="1611707485"></ban>
    <ban nick="Garo" serial="614740F74817BC3A66E194E2E77E61A1" banner="goblinLOL" reason="RDM PELA A CIDADE (By. [ADM-G]Dias) (sem unban)" time="1611707605"></ban>
    <ban nick="RaposoVoso" serial="BB8FF5DDBA32253D5D48F87BC3372C53" banner="arlekina" reason="Random Deathmatch contra o resgate [Sem unban] (By: Vitinho)" time="1611864790"></ban>
    <ban nick="Aguinaldo3" serial="E3454DEBA3EB3E11F3F9984657DE5A84" banner="arlekina" reason="Random Deathmatch em área safe extremo (SEM UNBAN). By [MOD]Gaguin" time="1611864883"></ban>
    <ban nick="Prior" serial="06E84BC74E78E9E49D7A74AFDD8962F3" banner="Ana01" reason="FLOOD, RDM SEM UNBAN [MOD] CAUAN (nick: Prior) (by Ana01)" time="1611889583"></ban>
    <ban nick="dubrownie" serial="2BD46607AA4A5FCD632E55D3E600D652" banner="Abinis" reason="Matando resgate sem motivo! ( conta removida )" time="1612060310"></ban>
    <ban nick="salvazika" serial="36E80866BAAE61986A84F4BE83843C62" banner="Abinis" reason="EXTREMO ANTI-RP - ( CONTA REMOVIDA )" time="1612060448"></ban>
    <ban nick="flamengo35" serial="21438351A305B2EAD217F8285E7C22F3" banner="Abinis" reason="Extremo anti-rp ( conta removida )" time="1612060562"></ban>
    <ban nick="davk" serial="3123D2C271B138B67D6B93FCCD3DE193" banner="Abinis" reason="Ofensa ao fundador" time="1614841112"></ban>
    <ban nick="Gabiii" serial="24755AE927E3926DA63E4BB659CAAD43" banner="Abinis" reason="Ofensa ao fundador" time="1614841290"></ban>
    <ban nick="ml_amigo_do_rajada" serial="3EB67B821249458A2F44938F039BBB42" banner="Abinis" reason="BOA BOA BOA ( CONTA REMOVIDA! ) (nick: ml_amigo_do_rajada) (by Abinis)" time="1612061219"></ban>
    <ban nick="BrunnaoMTA" serial="FA3C014035AEAFF2AC71F6B10C2262A2" banner="Abinis" reason="BOA BOA CONTA REMOVIDA!" time="1612061277"></ban>
    <ban nick="Guilherme" serial="75563C1B35CCAE2E4174F3FFCBD4C294" banner="Abinis" reason="BOA BOA ( CONTA REMOVIDA! ) (nick: Guilherme) (by Abinis)" time="1612061368"></ban>
    <ban nick="melopica " serial="505A3A4BB8F4830311260E0D41106042" banner="Abinis" reason="Boa boa ( conta removida )" time="1612061476"></ban>
    <ban nick="Gordin_Catatau" serial="DE495B769E9555C5097EFDB40AA2C391" banner="Kleytin01" reason="ANT-RP CL + RDM + TERRORISTA  (nick: Gordin_Catatau) (by Kleytin01)" time="1612116623"></ban>
    <ban nick="Dhavi_" serial="1BF4C7B932AC53545ECA3472CF7283E3" banner="TonyS33" reason="RDM (nick: Dhavi_) (by TonyS33)" time="1612116659"></ban>
    <ban nick="Flash" serial="6011F19B463D9DBDD7E8ABB8B5AEC9A1" banner="goblinLOL" reason="RDM EXTREMO EM AREA SAFE ( By. [MOD]Machado)" time="1612216245"></ban>
    <ban nick="lala123321" serial="1399E95458A8B7B784B4AA4733520DF4" banner="goblinLOL" reason="RDM AO EXTREMO (sem unban) (By. [S-ADM]Gaguin)" time="1612216938"></ban>
    <ban nick="Parker" serial="F7D011CABFF7B32AEBC303ED6C39DC71" banner="TonyS33" reason="RDM NA GROVE. (nick: Parker) (by TonyS33)" time="1612288415"></ban>
    <ban nick="YGORX" serial="6B79C363A06017CBDABAF0E89FC227A3" banner="cl12" reason="RDM extremo, terorismo (nick: YGORX) (by cl12)" time="1612586731" unban="1643690731"></ban>
    <ban nick="Victim" serial="EA7F7B09862CAE637D2EDFCE2BC68D13" banner="cl12" reason="Cumplice de RDM é terorismo (nick: Victim) (by cl12)" time="1612586782"></ban>
    <ban nick="lacoste" serial="5C064FDA14CD0D825D07CCE5214D4C12" banner="GMJohnny" reason="Golpe financeiro BGO normal" time="1612648943"></ban>
    <ban nick="enzinho_picao" serial="2ABA9C38637EA8BAC1AA4890E7F73443" banner="cl12" reason="RDM (nick: enzinho_picao) (by cl12)" time="1613017562"></ban>
    <ban nick="xGoten" serial="03CF18D62D919AB2A2DF9828ABB44CA1" banner="arlekina" reason="RDM Extremo (sem unban)" time="1613165533"></ban>
    <ban nick="ALEXK" serial="5D3D91EC70056728AA0DA9E70E0D46F2" banner="Ganancia" reason="RDM extremo no BGO Normal (sem Unban)" time="1613428718"></ban>
    <ban nick="Kiana" serial="E45E5DCDCD26821D1B82F1BED4DB2434" banner="GMJohnny" reason="Ofensa ao fundador #TALARICA (nick: Kiana) (by GMJohnny)" time="1613690337"></ban>
    <ban nick="Kevin_Gustavo" serial="F8BBE72D3528F24A8E43DD7D8C390A52" banner="Ana01" reason="RDM EXTREMO, RP DE ESTUPRO, Usando fuzil sem 30 policiais, Matando Detran, Forçando RP e Combat logging. (SEM UNBAN) (By. [MOD]Cauan). (nick: Kevin_Gustavo) (by Ana01)" time="1613793098"></ban>
    <ban nick="Works" serial="CF44606B600BC487C6DFD9749306E094" banner="Vishet13" reason="RDM EXTREMO (By: [MOD]Gomes) (nick: Works) (by Vishet13)" time="1613839846"></ban>
    <ban nick="charlo" serial="EE251A4BABCBC33F74C36972D074E7F2" banner="Thiago" reason="RDM (By: Guidi) SEM UNBAN (nick: charlo) (by Thiago)" time="1614039111"></ban>
    <ban nick="Kaik_" serial="CCC770BA8C1C848772F0890FC6431AE4" banner="K4sh" reason="Rdm + puxando arma em área safe (by: Vitinho) (nick: Kaik_) (by K4sh)" time="1614106588"></ban>
    <ban nick="gggg" serial="9747FFF632006772669851E912024224" banner="GMJohnny" reason="procure o financeiro do servidor" time="1614379189"></ban>
    <ban nick="Qeve" serial="F2F72940BA70E6BD0D36ED33C23687F2" banner="GMJohnny" reason="pelo amor né.... (nick: Qeve) (by GMJohnny)" time="1614404374"></ban>
    <ban nick="Quister_Souza" serial="2367BA25662ABB84C3B7F6D2689D1092" banner="GMJohnny" reason="pelo amor né.... (nick: Quister_Souza) (by GMJohnny)" time="1614404384"></ban>
    <ban nick="Chanel" serial="DFB4B6847E929061EFE455596D8E2E94" banner="MrChicken" reason="RDM massivo (nick: Chanel) (by MrChicken)" time="1614428939"></ban>
    <ban nick="PedroH" serial="96EC17DC9C53D071B01F649474F801E2" banner="MrChicken" reason="ofenssa a staff (nick: PedroH) (by MrChicken)" time="1614442700"></ban>
    <ban nick="Noel" serial="1C0E120B11ACFD5260CF7DF10AC92AA2" banner="Junior" reason="Desrespeito a staff" time="1614449174"></ban>
    <ban nick="R4M3Z " serial="9415FEB61A3C804B61E4F62E8925BC43" banner="Junior" reason="COMETEU TERRORISMO NO BGO NORMAL" time="1614449321"></ban>
    <ban nick="WWWWWWWWWWWWWWWWWWWWWW" serial="8D2D1AB0C153114A7B2D83E042C3B6E2" banner="GMJohnny" reason="BUGANDO NOME (nick: WWWWWWWWWWWWWWWWWWWWWW) (by GMJohnny)" time="1614471832"></ban>
    <ban nick="Degus" serial="7F40E7D4BC50B2C828C7CA77AFA3AED4" banner="Ganancia" reason="Bugando dinheiro no BGO (nick: Degus)" time="1614477892"></ban>
    <ban nick="Geraldo_Silva" serial="EA1F212B889971DBC3105D2C582491E4" banner="PedroLR" reason="OFENSA A STAFF (SEM UNBAN) (nick: Geraldo_Silva) (by PedroLR)" time="1614482983"></ban>
    <ban nick="maquin" serial="0E299B7C4D29091500AB3014E7E33642" banner="GMJohnny" reason="conta desativada" time="1614486028"></ban>
    <ban nick="maquin" serial="A7CC744908459B0E4593458718707104" banner="GMJohnny" reason="conta desativada" time="1614486053"></ban>
    <ban nick="ADMGAY" serial="CD2CC2108DB63F4CC35DC6793B8FDCF4" banner="BielRangel" reason="Nick imprópio (nick: ADMGAY) (by BielRangel)" time="1614548353"></ban>
    <ban nick="RAJADA" serial="52EEAD071C0D9DEB744A44B8591333F2" banner="Junior" reason="NÃO CUMPRIU COM O LEILÃO" time="1614551433"></ban>
    <ban nick="Giga" serial="579A694A138D4669C6B6284A5E214EE4" banner="Elias1" reason="OFENSA A STAFF! (nick: Giga) (by Elias1)" time="1614573114"></ban>
    <ban nick="gustavo" serial="D97B317CD2028257FA29534E854F5942" banner="GMJohnny" reason="Aguardando o pagamento do leilão" time="1614643597"></ban>
    <ban nick="fredericoz " serial="3DEC7E4B76713A42E127EF3CF22CDCE4" banner="Junior" reason="Flod de /gov Ofensa ao servidor é ofensa a staff do BGO-LITE  by: [SGM]CL" time="1614652461"></ban>
    <ban nick="vinny822 " serial="E12C10F6058AC840636B0048719BFBF2" banner="Junior" reason=" Flod de /gov Ofensa ao servidor é ofensa a staff do BGO-LITE  by: [SGM]CL" time="1614652517"></ban>
    <ban nick="Thi5x " serial="4326D3160B03AE07AFE43EEC7943DB84" banner="Junior" reason=" Flod de /gov Ofensa ao servidor é ofensa a staff do BGO-LITE  by: [SGM]CL" time="1614652554"></ban>
    <ban nick="kiana" serial="38DAD1C0D9EAA3799BC57962BE26E1E3" banner="GMJohnny" reason="conta desativada" time="1614679333"></ban>
    <ban nick="migueli" serial="B4D06440FBAC6EF13C1029E3B241C8B4" banner="Ganancia" reason="ANT RP ao extremo multiplos RDM e quando foi preso o mesmo tento matar pessoas naa prisão (sem Unban)" time="1614703977"></ban>
    <ban nick="fakezin" serial="BD19C3ADFD85BEA33DC53062FFDEB984" banner="GMJohnny" reason="Banido por Elias" time="1614731575"></ban>
    <ban nick="eaz" serial="5470415D14EC06C2E02894702E908D62" banner="GMJohnny" reason="banido aqui" time="1614769211"></ban>
    <ban nick="tata" serial="0948053941C082780754F2822371A684" banner="GMJohnny" reason="tropa da kiana, a pedido dela." time="1614822700"></ban>
    <ban nick="KAIOSD" serial="F52EBE225A56847464F299E796A8A7E2" banner="magrin" reason="Motivo: Ofensa a staff (by [S-ADM]Marcos_Cesar)" time="1614877282"></ban>
    <ban nick="Theus12344" serial="CE1208D48E8EDDD3A0F0BCF11CCBFDB2" banner="magrin" reason="Motivo: Assédio + CL. [ ( by ) [S-ADM] BobZinN )" time="1614973884"></ban>
    <ban nick="claudio" serial="55D90CC0FCD999F63982B405A8CC8442" banner="Gustavo" reason="Ofensa A staff - SEM UNBAN. (  By: [MOD] Gustavo) (nick: claudio) (by Gustavo)" time="1615001026"></ban>
    <ban nick="JONNAS_JANTOS" serial="01BAB1736ACDA8C83E21DCC38005A702" banner="magrin" reason="Ofensa STAFF + Saindo do RP.  (nick: JONNAS_JANTOS) (by magrin)" time="1615236210"></ban>
    <ban nick="yguhrz " serial="336CDCB47FD8CDEA7A8FBDA5DE465A02" banner="magrin" reason="Motivo: Combat Loging + Falta de amor a vida - Não quis passar o dinheiro no assalto e cometeu Combat Loging para evita-lo. (By: [MOD]Mike)" time="1615243862" unban="1620946262"></ban>
    <ban nick="lucki" serial="21A3253D8027A3403423CDD446546192" banner="Gian" reason='Ofensa a staff (&quot;baba mt&quot;) (nick: lucki) (by Gian)' time="1615257005"></ban>
    <ban nick="SCCPDOUG " serial="7EAF1A963B23E6E4FE45344B161276F2" banner="magrin" reason="Motivo: Desrespeito a staff [By: [MOD]Enzo]" time="1615312227"></ban>
    <ban nick="Gabriel_Diaz" serial="4EEBA3B10A72F4ADB8CF326FD5B65093" banner="GMJohnny" reason=" (nick: Gabriel_Diaz) (by GMJohnny)" time="1615515932"></ban>
    <ban nick="bilola" serial="E4BA347BA468F8D0C65486EDBB0B3DE4" banner="GMJohnny" reason="não pagou o leilão" time="1615516697"></ban>
    <ban nick="vitor" serial="C45FB8996A8D43CA73441BD3797BF3B2" banner="magrin" reason="Terrorismo no BGO. (By: EQUIPE BGO) " time="1615693106"></ban>
    <ban nick="Noetz" serial="DC237FB09C33B318B9EFDDAD16963BE3" banner="Elias1" reason="OFENSA AO SERVIDOR" time="1615859132"></ban>
    <ban nick="gamacla123" serial="287810FFE2413F7ACCBA4A41D0772683" banner="Elias1" reason="OFENSA AO FUNDADOR" time="1615860014"></ban>
    <ban nick="BN" serial="69DA74542901494C954B6FA8D2C00583" banner="Mike" reason="Desrespeitando a Staff e chamando o servidor de lixo. (nick: BN) (by Mike)" time="1615914512"></ban>
    <ban nick="jhonnatan" serial="71DBD8567440DE74CA72EA8380FF17A3" banner="GMJohnny" reason="TERRORISMO" time="1615927716"></ban>
    <ban nick="Thiaguin" serial="24EFEEB8AE87594DFA182A2939125544" banner="magrin" reason="PROCURAR [SGM]MAGRIN PARA RETIRAR O BANIMENTO." time="1615951985"></ban>
    <ban nick="POZE" serial="56B1819DD4E5B0EAEF3B97AFA5F3C483" banner="magrin" reason="Motivo: Ofensa Aos Fundador E Servidor (SEM UNBAN.) (By [MOD]Gustavo)" time="1616124339"></ban>
    <ban nick="ademir2002" serial="8AB21521A3E26807A0A1B3F88EE45F44" banner="Ganancia" reason="Motivo: Ofensa Ao Fundador E Suporte Geral (SEM UNBAN) (By [S-ADM]Gustavo) " time="1616211038"></ban>
    <ban nick="SSS" serial="71BF0BDB9561EA42EB322C8D82297643" banner="Mike" reason="Ofendendo Staff e chamando o servidor de lixo. (nick: SSS) (by Mike)" time="1616272597"></ban>
    <ban nick="RET" serial="D34C24901DAEFEBE463F7D3B7669DF42" banner="Gustavo" reason="Farm - Botando /trabalhar Para Entrar Na PM - Dps Salario Caiu Tirando. (  By: [S-ADM] Gustavo) (nick: RET) (by Gustavo)" time="1616378912" unban="1618970912"></ban>
    <ban nick="GagO" serial="9AFDACBE54754B9F9E167BE47D4F9E42" banner="Ganancia" reason="Cometendo terrorismos no BGO (sem unban)" time="1616864556"></ban>
    <ban nick="SILVA_TERRO_DOS_MELECA" serial="81F71B0EC93A512515DDDC5DA0B32384" banner="Respectnob" reason="Motivo: Corrupção... Sem unban. By: [MOD] Respectnob (nick: SILVA_TERRO_DOS_MELECA) (by Respectnob)" time="1616903133" unban="1619408733"></ban>
    <ban nick="Silva" serial="47CCEEAC6E94997A5686CC2FD924F083" banner="magrin" reason="PROCURAR UM SGM+ RETIRAR PODERES" time="1617061273"></ban>
    <ban nick="Saulo" serial="692AC295216CD19EF7B3853D96D40E62" banner="magrin" reason="ReasonProcurar um SGM+ retirar poderes" time="1617061314"></ban>
    <ban nick="Dumal" serial="AA8A1FCB0183DEFE47957FFFB9AE0742" banner="magrin" reason="ReasonPROCURAR SGM+ RETIRAR PODERES " time="1617061338"></ban>
    <ban nick="lixin" serial="77E7ACBD91A128782672F5E257C26CA4" banner="GMJohnny" reason="..." time="1617068951"></ban>
    <ban nick="Josildo_Globadas" serial="89E52473E73FCDC29D05A18C5DBBDAE3" banner="GMJohnny" reason="terrorismo (nick: Josildo_Globadas) (by GMJohnny)" time="1617069194"></ban>
    <ban nick="Deivid_Osorio" serial="91381B3F39FF5E25A9B0E3585AF2FCB2" banner="GMJohnny" reason=" (nick: Deivid_Osorio) (by GMJohnny)" time="1617069392"></ban>
    <ban nick="DubaiDbK" serial="B08A950EF88967A76757AEA16073C443" banner="Elias1" reason="terrorimos" time="1617077107"></ban>
    <ban nick="..." serial="9EAABD18D685D5EE1CD504CCEA9604E3" banner="GMJohnny" reason="..." time="1617226525"></ban>
    <ban nick="Abinis" serial="0525F1F0C7146CAF1AB5ECB87F9FFA02" banner="BielRangel" reason="OFENSA STAFF \SEM UNBAN/  (nick: Abinis) (by BielRangel)" time="1617381539"></ban>
    <ban nick="Eml" serial="6F2DCF6625C6D57727B3DF30A3E4B1A2" banner="Gustavo" reason="OFENSA AO SERVIDOR ! ( SEM UNBAN)  ( By: [S-ADM] Gustavo) (nick: Eml) (by Gustavo)" time="1617504787"></ban>
    <ban nick="sammyr" serial="FC3F3B39B7961521FA8DDB4BDF7B4E53" banner="Abinis" reason="Bugando dinheiro e usando HACK nas outras cidades BGO" time="1617639903"></ban>
    <ban nick="Victor_" serial="39870CA916FEA7B6F4806B30D66AFE62" banner="BobZinN" reason="Zoando tudo (nick: Victor_) (by BobZinN)" time="1618263281"></ban>
    <ban nick="lipe" serial="BAEB5DCDF8DC155BD6AA4E009E9DCD03" banner="GMJohnny" reason="ofensa a staff" time="1618468789"></ban>
    <ban nick="XvideosTerrosDaGabs" serial="390A9585B12FE9F519948DAB8CD993E2" banner="Respectnob" reason="Motivo: Spawn kill + RDM. By: [MOD] Respectnob (nick: XvideosTerrosDaGabs) (by Respectnob)" time="1618537646" unban="1619142446"></ban>
    <ban nick="KiSUCO" serial="80FC2EBF4DB03238556F2D1C6EAC46F2" banner="Respectnob" reason="Motivo: Spawn kill + RDM. By: [MOD] Respectnob (nick: KiSUCO) (by Respectnob)" time="1618537681"></ban>
    <ban nick="VulgoZK_RJ" serial="C99B9E21663BDE6F15D74DC72A22BF03" banner="Respectnob" reason=" (nick: VulgoZK_RJ) (by Respectnob)" time="1618537690"></ban>
    <ban nick="LeandroNz" serial="36714B9F9F122DDC6BB79925A9DB5394" banner="Respectnob" reason="Motivo: Spawn kill + RDM. By: [MOD] Respectnob (nick: LeandroNz) (by Respectnob)" time="1618537711" unban="1619142511"></ban>
</banlist>
